checkout_id,patron_id,book_id,branch_id,checkout_date,return_date,late_fee
CK0001,P008,BK011,B003,2024-01-01,2024-01-04,0.00
CK0002,P011,BK007,B003,2024-01-01,2024-01-22,1.75
CK0003,P019,BK015,B003,2024-01-01,2024-01-07,0.00
CK0004,P015,BK003,B003,2024-01-01,2024-01-06,0.00
CK0005,P018,BK005,B005,2024-01-01,2024-01-10,0.00
CK0006,P012,BK004,B002,2024-01-01,2024-01-12,0.00
CK0007,P004,BK003,B002,2024-01-02,2024-01-15,0.00
CK0008,P013,BK007,B005,2024-01-02,2024-01-12,0.00
CK0009,P001,BK011,B001,2024-01-03,2024-01-16,0.00
CK0010,P009,BK013,B003,2024-01-03,2024-01-07,0.00
CK0011,P015,BK001,B003,2024-01-03,2024-01-14,0.00
CK0012,P004,BK014,B003,2024-01-03,2024-01-16,0.00
CK0013,P005,BK006,B002,2024-01-03,2024-01-14,0.00
CK0014,P017,BK015,B001,2024-01-03,2024-01-15,0.00
CK0015,P012,BK015,B003,2024-01-04,2024-01-10,0.00
CK0016,P019,BK002,B001,2024-01-04,2024-01-18,0.00
CK0017,P005,BK003,B004,2024-01-05,2024-01-16,0.00
CK0018,P020,BK007,B002,2024-01-05,2024-01-16,0.00
CK0019,P007,BK012,B003,2024-01-05,2024-01-14,0.00
CK0020,P015,BK015,B005,2024-01-05,2024-01-15,0.00
CK0021,P003,BK006,B001,2024-01-05,2024-01-17,0.00
CK0022,P008,BK001,B001,2024-01-05,2024-01-19,0.00
CK0023,P002,BK014,B003,2024-01-06,2024-01-10,0.00
CK0024,P016,BK004,B005,2024-01-07,2024-02-14,6.00
CK0025,P019,BK010,B004,2024-01-07,2024-01-13,0.00
CK0026,P014,BK004,B001,2024-01-07,2024-01-11,0.00
CK0027,P014,BK008,B001,2024-01-08,2024-02-12,5.25
CK0028,P004,BK001,B004,2024-01-08,2024-01-22,0.00
CK0029,P004,BK004,B002,2024-01-08,2024-01-14,0.00
CK0030,P014,BK003,B003,2024-01-08,2024-01-30,2.00
CK0031,P003,BK008,B005,2024-01-08,2024-01-12,0.00
CK0032,P001,BK002,B002,2024-01-09,2024-01-14,0.00
CK0033,P007,BK014,B004,2024-01-09,2024-01-12,0.00
CK0034,P013,BK005,B004,2024-01-09,2024-01-16,0.00
CK0035,P018,BK011,B004,2024-01-09,2024-01-14,0.00
CK0036,P002,BK010,B005,2024-01-09,2024-01-12,0.00
CK0037,P002,BK010,B004,2024-01-09,2024-02-22,7.50
CK0038,P002,BK009,B001,2024-01-10,2024-01-15,0.00
CK0039,P008,BK007,B001,2024-01-10,2024-01-22,0.00
CK0040,P002,BK010,B001,2024-01-10,2024-01-19,0.00
CK0041,P011,BK015,B003,2024-01-11,2024-01-17,0.00
CK0042,P008,BK005,B004,2024-01-11,2024-01-16,0.00
CK0043,P015,BK006,B001,2024-01-11,2024-01-14,0.00
CK0044,P019,BK002,B001,2024-01-11,2024-01-22,0.00
CK0045,P005,BK015,B003,2024-01-11,2024-01-15,0.00
CK0046,P010,BK003,B004,2024-01-11,2024-01-22,0.00
CK0047,P001,BK011,B005,2024-01-12,2024-01-19,0.00
CK0048,P005,BK005,B001,2024-01-12,2024-01-16,0.00
CK0049,P009,BK005,B005,2024-01-12,2024-01-18,0.00
CK0050,P009,BK009,B004,2024-01-12,2024-02-24,7.25
CK0051,P002,BK002,B004,2024-01-12,2024-01-19,0.00
CK0052,P005,BK011,B003,2024-01-12,2024-01-17,0.00
CK0053,P014,BK009,B001,2024-01-13,2024-01-30,0.75
CK0054,P005,BK009,B001,2024-01-13,2024-01-21,0.00
CK0055,P014,BK003,B001,2024-01-13,2024-02-08,3.00
CK0056,P012,BK004,B002,2024-01-14,2024-01-27,0.00
CK0057,P014,BK010,B002,2024-01-15,2024-01-21,0.00
CK0058,P006,BK015,B004,2024-01-15,2024-01-18,0.00
CK0059,P011,BK013,B004,2024-01-15,2024-01-28,0.00
CK0060,P008,BK005,B002,2024-01-15,2024-01-29,0.00
CK0061,P002,BK014,B004,2024-01-15,2024-01-21,0.00
CK0062,P015,BK006,B003,2024-01-15,2024-01-21,0.00
CK0063,P013,BK006,B003,2024-01-16,2024-01-20,0.00
CK0064,P012,BK011,B005,2024-01-16,2024-02-21,5.50
CK0065,P018,BK006,B001,2024-01-16,2024-02-28,7.25
CK0066,P019,BK005,B001,2024-01-17,2024-01-21,0.00
CK0067,P011,BK007,B005,2024-01-17,2024-01-28,0.00
CK0068,P019,BK004,B003,2024-01-17,2024-01-20,0.00
CK0069,P018,BK011,B002,2024-01-18,2024-01-26,0.00
CK0070,P011,BK010,B003,2024-01-18,2024-01-31,0.00
CK0071,P010,BK009,B003,2024-01-18,2024-01-31,0.00
CK0072,P010,BK009,B002,2024-01-18,2024-01-24,0.00
CK0073,P013,BK011,B002,2024-01-18,2024-01-30,0.00
CK0074,P018,BK014,B001,2024-01-18,2024-01-25,0.00
CK0075,P020,BK011,B003,2024-01-19,2024-01-29,0.00
CK0076,P007,BK009,B004,2024-01-19,2024-02-02,0.00
CK0077,P010,BK009,B005,2024-01-19,2024-01-27,0.00
CK0078,P008,BK011,B003,2024-01-19,2024-01-25,0.00
CK0079,P001,BK001,B002,2024-01-19,2024-01-29,0.00
CK0080,P003,BK008,B004,2024-01-19,2024-02-01,0.00
CK0081,P013,BK008,B004,2024-01-20,2024-01-26,0.00
CK0082,P001,BK015,B001,2024-01-20,2024-01-29,0.00
CK0083,P017,BK008,B001,2024-01-20,2024-02-11,2.00
CK0084,P015,BK003,B004,2024-01-21,2024-02-21,4.25
CK0085,P011,BK013,B004,2024-01-22,2024-02-03,0.00
CK0086,P017,BK007,B005,2024-01-22,2024-02-01,0.00
CK0087,P016,BK008,B003,2024-01-22,2024-01-28,0.00
CK0088,P017,BK008,B002,2024-01-22,2024-01-29,0.00
CK0089,P010,BK004,B003,2024-01-22,2024-02-16,2.75
CK0090,P003,BK003,B002,2024-01-22,2024-01-28,0.00
CK0091,P003,BK007,B004,2024-01-23,2024-01-31,0.00
CK0092,P002,BK004,B004,2024-01-23,2024-02-01,0.00
CK0093,P001,BK014,B005,2024-01-23,2024-02-01,0.00
CK0094,P010,BK013,B004,2024-01-24,2024-02-02,0.00
CK0095,P018,BK013,B005,2024-01-24,2024-01-30,0.00
CK0096,P014,BK008,B001,2024-01-24,2024-02-02,0.00
CK0097,P013,BK012,B002,2024-01-24,2024-02-03,0.00
CK0098,P018,BK001,B004,2024-01-25,2024-02-06,0.00
CK0099,P003,BK011,B004,2024-01-25,2024-01-30,0.00
CK0100,P002,BK005,B004,2024-01-25,2024-02-02,0.00
CK0101,P011,BK013,B004,2024-01-25,2024-03-04,6.25
CK0102,P014,BK005,B001,2024-01-25,2024-02-04,0.00
CK0103,P002,BK006,B002,2024-01-25,2024-02-07,0.00
CK0104,P001,BK004,B002,2024-01-26,2024-01-29,0.00
CK0105,P005,BK008,B001,2024-01-26,2024-02-07,0.00
CK0106,P009,BK013,B003,2024-01-27,2024-02-01,0.00
CK0107,P004,BK013,B002,2024-01-27,2024-02-03,0.00
CK0108,P010,BK010,B004,2024-01-27,2024-02-05,0.00
CK0109,P019,BK012,B002,2024-01-28,2024-02-01,0.00
CK0110,P004,BK013,B005,2024-01-29,2024-02-01,0.00
CK0111,P012,BK002,B005,2024-01-29,2024-02-11,0.00
CK0112,P014,BK014,B004,2024-01-29,2024-02-26,3.50
CK0113,P015,BK012,B002,2024-01-29,2024-02-07,0.00
CK0114,P009,BK010,B005,2024-01-29,2024-02-08,0.00
CK0115,P019,BK005,B003,2024-01-29,2024-03-10,6.75
CK0116,P015,BK004,B004,2024-01-30,2024-02-11,0.00
CK0117,P011,BK001,B004,2024-01-30,2024-02-07,0.00
CK0118,P012,BK013,B003,2024-01-30,2024-02-22,2.25
CK0119,P009,BK009,B001,2024-01-30,2024-02-10,0.00
CK0120,P014,BK008,B005,2024-01-31,2024-02-06,0.00
CK0121,P016,BK008,B001,2024-01-31,2024-02-04,0.00
CK0122,P008,BK005,B005,2024-01-31,2024-02-08,0.00
CK0123,P014,BK012,B005,2024-02-01,2024-02-09,0.00
CK0124,P009,BK005,B003,2024-02-01,2024-02-07,0.00
CK0125,P011,BK002,B005,2024-02-01,2024-02-15,0.00
CK0126,P016,BK005,B005,2024-02-01,2024-02-12,0.00
CK0127,P007,BK005,B002,2024-02-02,2024-02-10,0.00
CK0128,P018,BK003,B003,2024-02-02,2024-02-05,0.00
CK0129,P005,BK011,B004,2024-02-03,2024-02-07,0.00
CK0130,P010,BK008,B004,2024-02-03,2024-02-13,0.00
CK0131,P002,BK005,B004,2024-02-03,2024-02-07,0.00
CK0132,P003,BK010,B001,2024-02-04,2024-02-09,0.00
CK0133,P010,BK002,B002,2024-02-04,2024-02-08,0.00
CK0134,P020,BK013,B005,2024-02-05,2024-02-11,0.00
CK0135,P015,BK015,B004,2024-02-05,2024-02-12,0.00
CK0136,P014,BK005,B005,2024-02-05,2024-02-17,0.00
CK0137,P004,BK013,B002,2024-02-05,2024-02-18,0.00
CK0138,P003,BK003,B002,2024-02-05,2024-02-10,0.00
CK0139,P001,BK007,B004,2024-02-05,2024-02-19,0.00
CK0140,P008,BK005,B003,2024-02-06,2024-02-20,0.00
CK0141,P008,BK015,B003,2024-02-06,2024-02-19,0.00
CK0142,P014,BK002,B005,2024-02-07,2024-02-13,0.00
CK0143,P009,BK014,B002,2024-02-07,2024-02-11,0.00
CK0144,P010,BK010,B005,2024-02-07,2024-02-14,0.00
CK0145,P013,BK005,B005,2024-02-08,2024-02-19,0.00
CK0146,P020,BK001,B004,2024-02-08,2024-02-22,0.00
CK0147,P001,BK002,B002,2024-02-08,2024-03-20,6.75
CK0148,P019,BK001,B003,2024-02-08,2024-02-20,0.00
CK0149,P016,BK009,B004,2024-02-09,2024-02-29,1.50
CK0150,P014,BK011,B004,2024-02-09,2024-02-13,0.00
CK0151,P011,BK006,B001,2024-02-09,2024-02-14,0.00
CK0152,P010,BK011,B004,2024-02-10,2024-02-21,0.00
CK0153,P011,BK005,B003,2024-02-10,2024-02-14,0.00
CK0154,P001,BK011,B005,2024-02-11,2024-02-21,0.00
CK0155,P017,BK006,B005,2024-02-11,2024-02-21,0.00
CK0156,P002,BK004,B003,2024-02-11,2024-03-01,1.25
CK0157,P016,BK002,B001,2024-02-12,2024-02-25,0.00
CK0158,P006,BK005,B005,2024-02-12,2024-02-15,0.00
CK0159,P008,BK014,B001,2024-02-12,2024-02-22,0.00
CK0160,P005,BK008,B003,2024-02-12,2024-02-23,0.00
CK0161,P016,BK008,B002,2024-02-12,2024-02-22,0.00
CK0162,P020,BK009,B002,2024-02-13,2024-02-17,0.00
CK0163,P014,BK006,B005,2024-02-13,2024-02-20,0.00
CK0164,P010,BK014,B005,2024-02-13,2024-02-25,0.00
CK0165,P015,BK009,B004,2024-02-14,2024-02-22,0.00
CK0166,P018,BK007,B004,2024-02-14,2024-02-22,0.00
CK0167,P008,BK010,B004,2024-02-14,2024-02-20,0.00
CK0168,P011,BK012,B004,2024-02-15,2024-02-29,0.00
CK0169,P013,BK011,B002,2024-02-15,2024-02-25,0.00
CK0170,P019,BK006,B001,2024-02-16,2024-02-26,0.00
CK0171,P015,BK001,B002,2024-02-16,2024-02-25,0.00
CK0172,P005,BK002,B004,2024-02-16,2024-02-23,0.00
CK0173,P013,BK011,B001,2024-02-16,2024-02-24,0.00
CK0174,P018,BK007,B003,2024-02-16,2024-03-24,5.75
CK0175,P016,BK014,B005,2024-02-16,2024-02-19,0.00
CK0176,P010,BK004,B001,2024-02-17,2024-02-26,0.00
CK0177,P004,BK008,B002,2024-02-17,2024-03-12,2.50
CK0178,P002,BK006,B001,2024-02-17,2024-02-24,0.00
CK0179,P008,BK009,B004,2024-02-18,2024-03-01,0.00
CK0180,P006,BK002,B005,2024-02-19,2024-02-28,0.00
CK0181,P016,BK015,B005,2024-02-19,2024-02-24,0.00
CK0182,P009,BK008,B003,2024-02-19,2024-03-05,0.25
CK0183,P010,BK011,B005,2024-02-20,2024-02-25,0.00
CK0184,P012,BK010,B003,2024-02-20,2024-03-04,0.00
CK0185,P009,BK008,B003,2024-02-20,2024-03-18,3.25
CK0186,P004,BK004,B004,2024-02-20,2024-03-03,0.00
CK0187,P010,BK001,B004,2024-02-20,2024-02-27,0.00
CK0188,P020,BK012,B004,2024-02-21,2024-02-28,0.00
CK0189,P020,BK013,B003,2024-02-21,2024-02-27,0.00
CK0190,P005,BK011,B001,2024-02-22,2024-03-06,0.00
CK0191,P015,BK001,B005,2024-02-22,2024-03-01,0.00
CK0192,P010,BK006,B004,2024-02-22,2024-02-27,0.00
CK0193,P018,BK015,B003,2024-02-22,2024-03-24,4.25
CK0194,P009,BK015,B004,2024-02-23,2024-04-01,6.00
CK0195,P004,BK008,B001,2024-02-23,2024-04-02,6.25
CK0196,P013,BK014,B005,2024-02-23,2024-03-02,0.00
CK0197,P009,BK009,B001,2024-02-24,2024-03-05,0.00
CK0198,P009,BK010,B004,2024-02-25,2024-03-09,0.00
CK0199,P008,BK008,B001,2024-02-25,2024-04-08,7.25
CK0200,P011,BK015,B005,2024-02-25,2024-03-02,0.00
CK0201,P010,BK011,B004,2024-02-26,2024-03-01,0.00
CK0202,P002,BK005,B004,2024-02-26,2024-03-01,0.00
CK0203,P018,BK003,B004,2024-02-26,2024-03-07,0.00
CK0204,P018,BK007,B005,2024-02-26,2024-03-11,0.00
CK0205,P014,BK011,B001,2024-02-26,2024-03-07,0.00
CK0206,P002,BK012,B003,2024-02-27,2024-03-04,0.00
CK0207,P008,BK014,B003,2024-02-27,2024-03-02,0.00
CK0208,P012,BK001,B004,2024-02-27,2024-03-19,1.75
CK0209,P015,BK002,B002,2024-02-27,2024-03-11,0.00
CK0210,P002,BK013,B003,2024-02-28,2024-03-05,0.00
CK0211,P007,BK002,B005,2024-02-28,2024-03-05,0.00
CK0212,P011,BK013,B002,2024-02-29,2024-03-12,0.00
CK0213,P005,BK003,B005,2024-02-29,2024-03-07,0.00
CK0214,P001,BK003,B001,2024-02-29,2024-03-08,0.00
CK0215,P011,BK001,B002,2024-03-01,2024-03-08,0.00
CK0216,P014,BK009,B001,2024-03-01,2024-03-15,0.00
CK0217,P012,BK009,B005,2024-03-01,2024-03-05,0.00
CK0218,P020,BK001,B005,2024-03-01,2024-03-08,0.00
CK0219,P001,BK001,B004,2024-03-01,2024-03-10,0.00
CK0220,P016,BK012,B004,2024-03-01,2024-03-05,0.00
CK0221,P005,BK002,B002,2024-03-02,2024-03-09,0.00
CK0222,P018,BK012,B003,2024-03-02,2024-03-11,0.00
CK0223,P015,BK009,B005,2024-03-02,2024-03-11,0.00
CK0224,P018,BK012,B002,2024-03-03,2024-04-01,3.75
CK0225,P011,BK014,B004,2024-03-04,2024-03-13,0.00
CK0226,P011,BK007,B003,2024-03-04,2024-03-17,0.00
CK0227,P005,BK011,B004,2024-03-04,2024-03-08,0.00
CK0228,P003,BK007,B001,2024-03-04,2024-03-18,0.00
CK0229,P005,BK009,B001,2024-03-04,2024-03-16,0.00
CK0230,P004,BK007,B003,2024-03-05,2024-03-18,0.00
CK0231,P002,BK005,B005,2024-03-05,2024-03-12,0.00
CK0232,P017,BK004,B002,2024-03-05,2024-03-18,0.00
CK0233,P004,BK006,B005,2024-03-05,2024-03-13,0.00
CK0234,P008,BK013,B004,2024-03-06,2024-03-17,0.00
CK0235,P020,BK011,B005,2024-03-06,2024-04-09,5.00
CK0236,P009,BK001,B002,2024-03-06,2024-03-13,0.00
CK0237,P011,BK006,B001,2024-03-06,2024-03-11,0.00
CK0238,P013,BK002,B002,2024-03-06,2024-04-10,5.25
CK0239,P003,BK012,B005,2024-03-06,2024-03-12,0.00
CK0240,P006,BK006,B003,2024-03-07,2024-03-21,0.00
CK0241,P019,BK010,B001,2024-03-07,2024-03-10,0.00
CK0242,P020,BK001,B001,2024-03-07,2024-03-14,0.00
CK0243,P016,BK010,B004,2024-03-07,2024-03-16,0.00
CK0244,P004,BK006,B004,2024-03-08,2024-03-12,0.00
CK0245,P019,BK008,B005,2024-03-08,2024-03-21,0.00
CK0246,P013,BK010,B001,2024-03-08,2024-03-11,0.00
CK0247,P007,BK013,B002,2024-03-08,2024-03-15,0.00
CK0248,P001,BK008,B004,2024-03-08,2024-03-13,0.00
CK0249,P008,BK009,B005,2024-03-08,2024-03-21,0.00
CK0250,P002,BK007,B001,2024-03-09,2024-03-19,0.00
CK0251,P011,BK010,B004,2024-03-09,2024-03-21,0.00
CK0252,P010,BK002,B004,2024-03-10,2024-03-13,0.00
CK0253,P020,BK008,B003,2024-03-10,2024-03-14,0.00
CK0254,P014,BK010,B004,2024-03-11,2024-03-22,0.00
CK0255,P010,BK012,B003,2024-03-11,2024-03-17,0.00
CK0256,P003,BK009,B001,2024-03-11,2024-03-22,0.00
CK0257,P012,BK012,B002,2024-03-12,2024-03-18,0.00
CK0258,P007,BK003,B005,2024-03-12,2024-03-17,0.00
CK0259,P003,BK003,B004,2024-03-12,2024-03-22,0.00
CK0260,P019,BK008,B005,2024-03-12,2024-04-16,5.25
CK0261,P011,BK003,B004,2024-03-13,2024-03-17,0.00
CK0262,P010,BK013,B003,2024-03-13,2024-03-25,0.00
CK0263,P003,BK005,B004,2024-03-13,2024-03-23,0.00
CK0264,P010,BK002,B001,2024-03-13,2024-03-25,0.00
CK0265,P019,BK009,B001,2024-03-14,2024-03-24,0.00
CK0266,P007,BK006,B005,2024-03-14,2024-03-24,0.00
CK0267,P002,BK008,B001,2024-03-14,2024-03-22,0.00
CK0268,P006,BK001,B002,2024-03-14,2024-04-12,3.75
CK0269,P017,BK009,B005,2024-03-14,2024-03-19,0.00
CK0270,P013,BK007,B003,2024-03-15,2024-03-28,0.00
CK0271,P011,BK002,B003,2024-03-15,2024-03-19,0.00
CK0272,P010,BK005,B005,2024-03-15,2024-03-20,0.00
CK0273,P005,BK015,B003,2024-03-15,2024-03-22,0.00
CK0274,P013,BK003,B005,2024-03-16,2024-03-30,0.00
CK0275,P018,BK007,B003,2024-03-16,2024-03-21,0.00
CK0276,P017,BK002,B004,2024-03-16,2024-03-27,0.00
CK0277,P006,BK004,B003,2024-03-17,2024-03-27,0.00
CK0278,P005,BK003,B001,2024-03-17,2024-03-24,0.00
CK0279,P018,BK014,B005,2024-03-18,2024-03-21,0.00
CK0280,P020,BK003,B005,2024-03-18,2024-03-27,0.00
CK0281,P020,BK013,B002,2024-03-18,2024-04-01,0.00
CK0282,P012,BK011,B002,2024-03-18,2024-03-28,0.00
CK0283,P015,BK004,B005,2024-03-18,2024-04-11,2.50
CK0284,P016,BK015,B002,2024-03-18,2024-04-23,5.50
CK0285,P015,BK013,B003,2024-03-19,2024-03-28,0.00
CK0286,P006,BK014,B002,2024-03-19,2024-04-07,1.25
CK0287,P002,BK011,B004,2024-03-19,2024-04-20,4.50
CK0288,P017,BK014,B001,2024-03-19,2024-03-26,0.00
CK0289,P009,BK008,B005,2024-03-19,2024-03-24,0.00
CK0290,P015,BK015,B003,2024-03-20,2024-03-23,0.00
CK0291,P017,BK006,B002,2024-03-20,2024-03-29,0.00
CK0292,P001,BK006,B001,2024-03-20,2024-04-03,0.00
CK0293,P005,BK001,B003,2024-03-21,2024-03-31,0.00
CK0294,P016,BK008,B005,2024-03-21,2024-03-24,0.00
CK0295,P009,BK004,B002,2024-03-21,2024-04-01,0.00
CK0296,P014,BK002,B003,2024-03-22,2024-03-28,0.00
CK0297,P008,BK007,B005,2024-03-22,2024-04-01,0.00
CK0298,P016,BK010,B005,2024-03-22,2024-03-25,0.00
CK0299,P008,BK012,B002,2024-03-22,2024-03-29,0.00
CK0300,P012,BK004,B005,2024-03-22,2024-03-31,0.00
CK0301,P003,BK009,B003,2024-03-22,2024-03-26,0.00
CK0302,P017,BK009,B001,2024-03-23,2024-04-01,0.00
CK0303,P013,BK006,B003,2024-03-23,2024-04-06,0.00
CK0304,P003,BK006,B002,2024-03-23,2024-04-06,0.00
CK0305,P011,BK003,B001,2024-03-24,2024-04-01,0.00
CK0306,P006,BK014,B004,2024-03-24,2024-04-07,0.00
CK0307,P005,BK002,B004,2024-03-24,2024-03-27,0.00
CK0308,P002,BK006,B003,2024-03-25,2024-04-21,3.25
CK0309,P018,BK008,B003,2024-03-25,2024-03-28,0.00
CK0310,P010,BK006,B001,2024-03-25,2024-04-07,0.00
CK0311,P014,BK015,B004,2024-03-26,2024-04-24,3.75
CK0312,P013,BK006,B002,2024-03-26,2024-04-05,0.00
CK0313,P017,BK005,B001,2024-03-26,2024-04-09,0.00
CK0314,P020,BK014,B002,2024-03-26,2024-04-06,0.00
CK0315,P011,BK011,B003,2024-03-27,2024-04-03,0.00
CK0316,P014,BK003,B004,2024-03-27,2024-04-04,0.00
CK0317,P020,BK007,B003,2024-03-28,2024-05-07,6.50
CK0318,P003,BK011,B004,2024-03-28,2024-04-05,0.00
CK0319,P006,BK001,B002,2024-03-28,2024-04-09,0.00
CK0320,P002,BK003,B001,2024-03-28,2024-04-03,0.00
CK0321,P013,BK010,B001,2024-03-29,2024-04-10,0.00
CK0322,P012,BK006,B004,2024-03-29,2024-04-02,0.00
CK0323,P012,BK007,B003,2024-03-29,2024-04-11,0.00
CK0324,P004,BK001,B002,2024-03-29,2024-04-08,0.00
CK0325,P004,BK005,B003,2024-03-30,2024-04-13,0.00
CK0326,P020,BK005,B004,2024-03-30,2024-04-05,0.00
CK0327,P003,BK008,B002,2024-03-30,2024-04-28,3.75
CK0328,P011,BK011,B003,2024-03-31,2024-04-14,0.00
CK0329,P010,BK015,B003,2024-03-31,2024-04-05,0.00
CK0330,P006,BK013,B003,2024-03-31,2024-04-11,0.00
CK0331,P005,BK004,B004,2024-04-01,2024-04-04,0.00
CK0332,P012,BK008,B005,2024-04-01,2024-05-05,5.00
CK0333,P003,BK005,B004,2024-04-01,2024-04-15,0.00
CK0334,P014,BK014,B005,2024-04-02,2024-04-21,1.25
CK0335,P003,BK008,B004,2024-04-02,2024-04-15,0.00
CK0336,P018,BK011,B005,2024-04-02,2024-05-11,6.25
CK0337,P014,BK009,B001,2024-04-02,2024-04-06,0.00
CK0338,P006,BK003,B003,2024-04-02,2024-04-16,0.00
CK0339,P010,BK014,B001,2024-04-03,2024-04-10,0.00
CK0340,P018,BK005,B002,2024-04-03,2024-04-16,0.00
CK0341,P003,BK009,B002,2024-04-03,2024-04-15,0.00
CK0342,P006,BK011,B005,2024-04-03,2024-04-17,0.00
CK0343,P019,BK001,B001,2024-04-03,2024-04-19,0.50
CK0344,P019,BK005,B002,2024-04-03,2024-04-15,0.00
CK0345,P016,BK015,B005,2024-04-04,2024-05-09,5.25
CK0346,P016,BK004,B004,2024-04-04,2024-04-11,0.00
CK0347,P006,BK008,B004,2024-04-05,2024-04-15,0.00
CK0348,P020,BK003,B003,2024-04-05,2024-04-19,0.00
CK0349,P013,BK003,B003,2024-04-06,2024-04-17,0.00
CK0350,P008,BK008,B001,2024-04-06,2024-04-13,0.00
CK0351,P002,BK005,B004,2024-04-07,2024-04-19,0.00
CK0352,P011,BK015,B005,2024-04-08,2024-04-22,0.00
CK0353,P006,BK008,B005,2024-04-08,2024-05-08,4.00
CK0354,P016,BK001,B001,2024-04-08,2024-04-17,0.00
CK0355,P007,BK010,B003,2024-04-09,2024-04-12,0.00
CK0356,P020,BK015,B004,2024-04-09,2024-04-16,0.00
CK0357,P004,BK007,B002,2024-04-09,2024-04-16,0.00
CK0358,P012,BK001,B004,2024-04-10,2024-04-13,0.00
CK0359,P012,BK009,B003,2024-04-10,2024-04-14,0.00
CK0360,P018,BK005,B005,2024-04-10,2024-04-23,0.00
CK0361,P004,BK007,B003,2024-04-10,2024-05-12,4.50
CK0362,P005,BK004,B005,2024-04-10,2024-04-21,0.00
CK0363,P002,BK003,B003,2024-04-11,2024-04-21,0.00
CK0364,P020,BK015,B005,2024-04-11,2024-05-06,2.75
CK0365,P006,BK007,B005,2024-04-12,2024-04-26,0.00
CK0366,P011,BK009,B005,2024-04-12,2024-04-23,0.00
CK0367,P010,BK008,B001,2024-04-12,2024-04-20,0.00
CK0368,P014,BK010,B003,2024-04-12,2024-04-26,0.00
CK0369,P020,BK008,B003,2024-04-13,2024-05-23,6.50
CK0370,P019,BK004,B001,2024-04-14,2024-04-26,0.00
CK0371,P020,BK013,B004,2024-04-14,2024-04-19,0.00
CK0372,P002,BK010,B001,2024-04-14,2024-04-20,0.00
CK0373,P005,BK007,B002,2024-04-15,2024-04-24,0.00
CK0374,P016,BK014,B001,2024-04-15,2024-04-29,0.00
CK0375,P018,BK006,B004,2024-04-15,2024-04-26,0.00
CK0376,P006,BK008,B005,2024-04-15,2024-04-23,0.00
CK0377,P009,BK010,B004,2024-04-15,2024-04-21,0.00
CK0378,P010,BK004,B003,2024-04-16,2024-04-23,0.00
CK0379,P016,BK006,B004,2024-04-16,2024-05-18,4.50
CK0380,P009,BK005,B001,2024-04-16,2024-04-28,0.00
CK0381,P013,BK014,B003,2024-04-16,2024-04-21,0.00
CK0382,P003,BK006,B004,2024-04-16,2024-04-29,0.00
CK0383,P007,BK004,B005,2024-04-16,2024-04-23,0.00
CK0384,P005,BK002,B005,2024-04-17,2024-05-01,0.00
CK0385,P002,BK011,B005,2024-04-17,2024-04-23,0.00
CK0386,P004,BK007,B003,2024-04-17,2024-05-01,0.00
CK0387,P005,BK001,B005,2024-04-17,2024-04-22,0.00
CK0388,P016,BK011,B002,2024-04-18,2024-04-25,0.00
CK0389,P002,BK015,B001,2024-04-18,2024-05-01,0.00
CK0390,P002,BK015,B002,2024-04-18,2024-04-27,0.00
CK0391,P002,BK014,B004,2024-04-18,2024-05-08,1.50
CK0392,P010,BK015,B001,2024-04-18,2024-04-21,0.00
CK0393,P011,BK005,B004,2024-04-19,2024-05-02,0.00
CK0394,P005,BK014,B005,2024-04-19,2024-04-29,0.00
CK0395,P011,BK003,B004,2024-04-20,2024-05-03,0.00
CK0396,P011,BK013,B003,2024-04-21,2024-05-03,0.00
CK0397,P020,BK014,B004,2024-04-22,2024-05-01,0.00
CK0398,P013,BK011,B001,2024-04-22,2024-04-27,0.00
CK0399,P008,BK001,B003,2024-04-22,2024-05-01,0.00
CK0400,P011,BK005,B005,2024-04-23,2024-05-07,0.00
CK0401,P012,BK012,B002,2024-04-23,2024-04-26,0.00
CK0402,P010,BK003,B004,2024-04-23,2024-05-24,4.25
CK0403,P010,BK012,B001,2024-04-23,2024-06-06,7.50
CK0404,P020,BK004,B002,2024-04-24,2024-04-29,0.00
CK0405,P020,BK006,B004,2024-04-24,2024-05-26,4.50
CK0406,P018,BK013,B002,2024-04-24,2024-04-30,0.00
CK0407,P003,BK009,B004,2024-04-24,2024-05-05,0.00
CK0408,P004,BK001,B005,2024-04-25,2024-05-06,0.00
CK0409,P005,BK003,B003,2024-04-25,2024-05-06,0.00
CK0410,P007,BK012,B005,2024-04-25,2024-05-12,0.75
CK0411,P015,BK013,B001,2024-04-25,2024-05-05,0.00
CK0412,P015,BK010,B001,2024-04-25,2024-05-06,0.00
CK0413,P010,BK012,B001,2024-04-25,2024-05-04,0.00
CK0414,P019,BK002,B001,2024-04-26,2024-05-05,0.00
CK0415,P018,BK001,B001,2024-04-26,2024-05-06,0.00
CK0416,P006,BK013,B002,2024-04-26,2024-05-09,0.00
CK0417,P012,BK015,B004,2024-04-27,2024-06-08,7.00
CK0418,P013,BK007,B001,2024-04-27,2024-05-10,0.00
CK0419,P005,BK011,B003,2024-04-28,2024-05-18,1.50
CK0420,P013,BK009,B002,2024-04-28,2024-05-12,0.00
CK0421,P001,BK005,B004,2024-04-28,2024-05-11,0.00
CK0422,P013,BK014,B002,2024-04-29,2024-05-05,0.00
CK0423,P009,BK004,B001,2024-04-29,2024-05-02,0.00
CK0424,P020,BK013,B001,2024-04-29,2024-05-05,0.00
CK0425,P020,BK001,B004,2024-04-29,2024-05-11,0.00
CK0426,P002,BK004,B001,2024-04-29,2024-05-08,0.00
CK0427,P007,BK013,B001,2024-04-29,2024-05-30,4.25
CK0428,P019,BK006,B005,2024-04-30,2024-05-12,0.00
CK0429,P011,BK004,B003,2024-04-30,2024-05-05,0.00
CK0430,P014,BK005,B003,2024-04-30,2024-06-01,4.50
CK0431,P014,BK009,B004,2024-05-01,2024-05-27,3.00
CK0432,P013,BK013,B005,2024-05-01,2024-05-09,0.00
CK0433,P005,BK005,B004,2024-05-01,2024-05-06,0.00
CK0434,P008,BK005,B002,2024-05-02,2024-05-12,0.00
CK0435,P014,BK007,B005,2024-05-02,2024-05-13,0.00
CK0436,P009,BK004,B003,2024-05-02,2024-05-19,0.75
CK0437,P003,BK009,B002,2024-05-03,2024-05-06,0.00
CK0438,P020,BK010,B001,2024-05-03,2024-05-07,0.00
CK0439,P019,BK012,B005,2024-05-03,2024-05-09,0.00
CK0440,P011,BK005,B001,2024-05-03,2024-05-09,0.00
CK0441,P004,BK012,B004,2024-05-04,2024-05-10,0.00
CK0442,P007,BK007,B002,2024-05-04,2024-05-15,0.00
CK0443,P013,BK008,B005,2024-05-04,2024-05-17,0.00
CK0444,P017,BK015,B004,2024-05-05,2024-05-15,0.00
CK0445,P016,BK013,B003,2024-05-05,2024-05-11,0.00
CK0446,P019,BK014,B002,2024-05-06,2024-05-20,0.00
CK0447,P018,BK015,B005,2024-05-06,2024-05-18,0.00
CK0448,P007,BK006,B002,2024-05-07,2024-05-16,0.00
CK0449,P016,BK009,B003,2024-05-07,2024-05-14,0.00
CK0450,P016,BK008,B002,2024-05-07,2024-05-21,0.00
CK0451,P018,BK008,B002,2024-05-08,2024-06-12,5.25
CK0452,P017,BK001,B001,2024-05-08,2024-05-21,0.00
CK0453,P014,BK003,B002,2024-05-08,2024-05-12,0.00
CK0454,P017,BK008,B003,2024-05-09,2024-05-12,0.00
CK0455,P020,BK015,B004,2024-05-09,2024-05-22,0.00
CK0456,P018,BK009,B004,2024-05-09,2024-05-12,0.00
CK0457,P018,BK005,B001,2024-05-10,2024-05-21,0.00
CK0458,P014,BK013,B002,2024-05-10,2024-05-14,0.00
CK0459,P005,BK004,B002,2024-05-10,2024-05-22,0.00
CK0460,P012,BK005,B004,2024-05-10,2024-06-05,3.00
CK0461,P019,BK004,B002,2024-05-11,2024-05-18,0.00
CK0462,P003,BK011,B001,2024-05-11,2024-05-15,0.00
CK0463,P016,BK001,B001,2024-05-12,2024-05-26,0.00
CK0464,P014,BK011,B003,2024-05-12,2024-06-23,7.00
CK0465,P017,BK015,B001,2024-05-12,2024-06-02,1.75
CK0466,P016,BK005,B001,2024-05-13,2024-06-18,5.50
CK0467,P018,BK010,B001,2024-05-13,2024-06-26,7.50
CK0468,P001,BK004,B005,2024-05-13,2024-05-18,0.00
CK0469,P013,BK015,B001,2024-05-13,2024-05-20,0.00
CK0470,P019,BK014,B004,2024-05-13,2024-05-26,0.00
CK0471,P013,BK013,B002,2024-05-13,2024-05-27,0.00
CK0472,P002,BK002,B004,2024-05-14,2024-05-20,0.00
CK0473,P020,BK013,B005,2024-05-14,2024-06-10,3.25
CK0474,P011,BK001,B003,2024-05-14,2024-05-24,0.00
CK0475,P018,BK007,B004,2024-05-14,2024-05-19,0.00
CK0476,P003,BK013,B005,2024-05-15,2024-05-22,0.00
CK0477,P003,BK002,B003,2024-05-15,2024-05-20,0.00
CK0478,P005,BK012,B004,2024-05-15,2024-05-23,0.00
CK0479,P001,BK005,B004,2024-05-15,2024-05-23,0.00
CK0480,P005,BK002,B002,2024-05-15,2024-05-24,0.00
CK0481,P014,BK002,B001,2024-05-16,2024-05-20,0.00
CK0482,P020,BK010,B003,2024-05-16,2024-05-25,0.00
CK0483,P013,BK013,B001,2024-05-16,2024-05-30,0.00
CK0484,P008,BK010,B005,2024-05-16,2024-05-21,0.00
CK0485,P005,BK005,B003,2024-05-16,2024-05-23,0.00
CK0486,P006,BK007,B003,2024-05-16,2024-05-25,0.00
CK0487,P012,BK005,B002,2024-05-17,2024-05-31,0.00
CK0488,P020,BK004,B004,2024-05-17,2024-05-21,0.00
CK0489,P011,BK014,B005,2024-05-18,2024-06-27,6.50
CK0490,P015,BK006,B004,2024-05-18,2024-05-31,0.00
CK0491,P020,BK012,B002,2024-05-19,2024-05-29,0.00
CK0492,P013,BK006,B003,2024-05-19,2024-06-02,0.00
CK0493,P008,BK006,B004,2024-05-20,2024-05-27,0.00
CK0494,P012,BK002,B005,2024-05-20,2024-06-22,4.75
CK0495,P006,BK011,B005,2024-05-20,2024-05-23,0.00
CK0496,P007,BK008,B003,2024-05-20,2024-06-03,0.00
CK0497,P014,BK011,B004,2024-05-20,2024-05-25,0.00
CK0498,P009,BK011,B002,2024-05-20,2024-06-03,0.00
CK0499,P015,BK010,B004,2024-05-21,2024-06-02,0.00
CK0500,P014,BK009,B001,2024-05-21,2024-06-27,5.75
CK0501,P020,BK011,B001,2024-05-22,2024-05-26,0.00
CK0502,P012,BK003,B005,2024-05-22,2024-06-24,4.75
CK0503,P013,BK013,B003,2024-05-22,2024-05-31,0.00
CK0504,P009,BK004,B005,2024-05-22,2024-06-05,0.00
CK0505,P019,BK004,B004,2024-05-22,2024-05-30,0.00
CK0506,P019,BK012,B005,2024-05-22,2024-06-17,3.00
CK0507,P004,BK005,B004,2024-05-23,2024-05-27,0.00
CK0508,P005,BK006,B003,2024-05-23,2024-05-31,0.00
CK0509,P017,BK008,B003,2024-05-23,2024-06-02,0.00
CK0510,P015,BK006,B001,2024-05-23,2024-05-30,0.00
CK0511,P004,BK001,B003,2024-05-23,2024-06-05,0.00
CK0512,P008,BK009,B002,2024-05-24,2024-06-04,0.00
CK0513,P014,BK008,B002,2024-05-24,2024-06-02,0.00
CK0514,P014,BK007,B001,2024-05-24,2024-06-27,5.00
CK0515,P019,BK007,B004,2024-05-25,2024-05-28,0.00
CK0516,P009,BK013,B001,2024-05-25,2024-06-06,0.00
CK0517,P006,BK006,B003,2024-05-26,2024-06-01,0.00
CK0518,P016,BK009,B003,2024-05-26,2024-06-07,0.00
CK0519,P019,BK002,B003,2024-05-26,2024-06-03,0.00
CK0520,P010,BK015,B005,2024-05-27,2024-06-08,0.00
CK0521,P011,BK002,B002,2024-05-27,2024-06-03,0.00
CK0522,P005,BK009,B004,2024-05-27,2024-06-05,0.00
CK0523,P014,BK003,B004,2024-05-28,2024-06-10,0.00
CK0524,P006,BK009,B002,2024-05-28,2024-06-07,0.00
CK0525,P011,BK014,B004,2024-05-28,2024-06-13,0.50
CK0526,P001,BK008,B002,2024-05-28,2024-06-03,0.00
CK0527,P018,BK009,B004,2024-05-28,2024-06-06,0.00
CK0528,P016,BK003,B001,2024-05-29,2024-06-10,0.00
CK0529,P008,BK005,B001,2024-05-29,2024-06-05,0.00
CK0530,P006,BK013,B004,2024-05-29,2024-06-10,0.00
CK0531,P016,BK009,B005,2024-05-29,2024-06-02,0.00
CK0532,P018,BK014,B003,2024-05-29,2024-06-09,0.00
CK0533,P018,BK004,B004,2024-05-30,2024-06-03,0.00
CK0534,P008,BK005,B001,2024-05-30,2024-06-09,0.00
CK0535,P003,BK008,B001,2024-05-30,2024-06-05,0.00
CK0536,P019,BK012,B003,2024-05-30,2024-06-13,0.00
CK0537,P006,BK010,B002,2024-05-30,2024-06-05,0.00
CK0538,P019,BK006,B005,2024-05-31,2024-06-07,0.00
CK0539,P011,BK012,B003,2024-05-31,2024-06-07,0.00
CK0540,P004,BK003,B004,2024-06-01,2024-06-24,2.25
CK0541,P005,BK012,B002,2024-06-01,2024-06-07,0.00
CK0542,P008,BK013,B004,2024-06-01,2024-06-11,0.00
CK0543,P014,BK007,B004,2024-06-02,2024-06-06,0.00
CK0544,P003,BK007,B005,2024-06-02,2024-06-16,0.00
CK0545,P015,BK008,B003,2024-06-03,2024-06-18,0.25
CK0546,P003,BK012,B004,2024-06-03,2024-06-16,0.00
CK0547,P003,BK013,B005,2024-06-03,2024-06-24,1.75
CK0548,P007,BK008,B003,2024-06-03,2024-06-11,0.00
CK0549,P019,BK003,B005,2024-06-04,2024-06-14,0.00
CK0550,P002,BK001,B001,2024-06-04,2024-06-17,0.00
CK0551,P001,BK002,B002,2024-06-04,2024-06-14,0.00
CK0552,P014,BK004,B002,2024-06-04,2024-06-17,0.00
CK0553,P009,BK002,B003,2024-06-04,2024-06-11,0.00
CK0554,P006,BK001,B004,2024-06-04,2024-06-17,0.00
CK0555,P014,BK011,B001,2024-06-05,2024-06-19,0.00
CK0556,P016,BK002,B002,2024-06-05,2024-06-17,0.00
CK0557,P015,BK001,B001,2024-06-05,2024-06-19,0.00
CK0558,P005,BK008,B001,2024-06-06,2024-06-12,0.00
CK0559,P004,BK002,B003,2024-06-06,2024-06-14,0.00
CK0560,P013,BK013,B002,2024-06-06,2024-06-19,0.00
CK0561,P017,BK010,B001,2024-06-06,2024-06-18,0.00
CK0562,P012,BK012,B002,2024-06-06,2024-06-19,0.00
CK0563,P020,BK011,B004,2024-06-07,2024-06-24,0.75
CK0564,P005,BK013,B001,2024-06-07,2024-06-19,0.00
CK0565,P014,BK006,B002,2024-06-07,2024-06-13,0.00
CK0566,P008,BK009,B005,2024-06-07,2024-06-19,0.00
CK0567,P001,BK014,B003,2024-06-07,2024-06-13,0.00
CK0568,P013,BK005,B001,2024-06-08,2024-06-14,0.00
CK0569,P016,BK011,B005,2024-06-09,2024-07-10,4.25
CK0570,P012,BK015,B003,2024-06-10,2024-07-07,3.25
CK0571,P019,BK007,B003,2024-06-10,2024-06-21,0.00
CK0572,P003,BK001,B005,2024-06-11,2024-06-15,0.00
CK0573,P002,BK015,B001,2024-06-11,2024-06-20,0.00
CK0574,P017,BK013,B004,2024-06-11,2024-06-20,0.00
CK0575,P018,BK009,B005,2024-06-11,2024-06-16,0.00
CK0576,P003,BK009,B002,2024-06-11,2024-06-16,0.00
CK0577,P003,BK005,B004,2024-06-12,2024-06-26,0.00
CK0578,P002,BK004,B001,2024-06-12,2024-06-21,0.00
CK0579,P020,BK001,B003,2024-06-12,2024-06-25,0.00
CK0580,P006,BK002,B001,2024-06-12,2024-06-26,0.00
CK0581,P006,BK008,B003,2024-06-12,2024-06-23,0.00
CK0582,P009,BK003,B003,2024-06-12,2024-06-17,0.00
CK0583,P004,BK013,B001,2024-06-13,2024-06-21,0.00
CK0584,P017,BK002,B003,2024-06-13,2024-06-27,0.00
CK0585,P016,BK008,B005,2024-06-13,2024-06-21,0.00
CK0586,P019,BK003,B003,2024-06-13,2024-06-18,0.00
CK0587,P004,BK004,B005,2024-06-14,2024-06-30,0.50
CK0588,P001,BK004,B001,2024-06-14,2024-06-24,0.00
CK0589,P005,BK003,B001,2024-06-14,2024-07-24,6.50
CK0590,P014,BK004,B003,2024-06-14,2024-07-12,3.50
CK0591,P011,BK005,B001,2024-06-14,2024-06-26,0.00
CK0592,P002,BK003,B002,2024-06-14,2024-06-30,0.50
CK0593,P015,BK014,B003,2024-06-15,2024-06-22,0.00
CK0594,P001,BK006,B002,2024-06-16,2024-06-23,0.00
CK0595,P020,BK004,B004,2024-06-16,2024-07-19,4.75
CK0596,P018,BK013,B002,2024-06-17,2024-07-02,0.25
CK0597,P001,BK004,B005,2024-06-17,2024-06-25,0.00
CK0598,P001,BK006,B001,2024-06-17,2024-06-30,0.00
CK0599,P004,BK004,B005,2024-06-18,2024-06-24,0.00
CK0600,P002,BK003,B003,2024-06-18,2024-07-04,0.50
CK0601,P017,BK007,B003,2024-06-18,2024-06-28,0.00
CK0602,P004,BK009,B002,2024-06-18,2024-07-01,0.00
CK0603,P019,BK001,B004,2024-06-19,2024-07-02,0.00
CK0604,P010,BK005,B003,2024-06-19,2024-06-28,0.00
CK0605,P011,BK006,B004,2024-06-19,2024-06-26,0.00
CK0606,P007,BK003,B005,2024-06-19,2024-06-23,0.00
CK0607,P015,BK008,B003,2024-06-19,2024-06-28,0.00
CK0608,P007,BK008,B003,2024-06-19,2024-07-12,2.25
CK0609,P006,BK013,B003,2024-06-20,2024-07-04,0.00
CK0610,P007,BK014,B003,2024-06-20,2024-06-25,0.00
CK0611,P013,BK009,B001,2024-06-21,2024-07-04,0.00
CK0612,P006,BK001,B004,2024-06-21,2024-07-01,0.00
CK0613,P008,BK002,B004,2024-06-21,2024-06-25,0.00
CK0614,P004,BK001,B001,2024-06-21,2024-06-27,0.00
CK0615,P012,BK011,B001,2024-06-22,2024-07-04,0.00
CK0616,P003,BK001,B001,2024-06-22,2024-06-28,0.00
CK0617,P003,BK015,B003,2024-06-23,2024-07-09,0.50
CK0618,P006,BK015,B005,2024-06-24,2024-07-03,0.00
CK0619,P016,BK001,B004,2024-06-24,2024-07-07,0.00
CK0620,P006,BK005,B003,2024-06-25,2024-07-05,0.00
CK0621,P020,BK010,B005,2024-06-25,2024-07-01,0.00
CK0622,P014,BK015,B005,2024-06-25,2024-07-05,0.00
CK0623,P005,BK007,B002,2024-06-26,2024-07-09,0.00
CK0624,P008,BK011,B005,2024-06-26,2024-06-29,0.00
CK0625,P012,BK008,B005,2024-06-26,2024-07-22,3.00
CK0626,P017,BK006,B004,2024-06-26,2024-07-03,0.00
CK0627,P020,BK004,B001,2024-06-26,2024-07-03,0.00
CK0628,P017,BK006,B005,2024-06-27,2024-07-03,0.00
CK0629,P008,BK005,B005,2024-06-27,2024-07-11,0.00
CK0630,P008,BK010,B004,2024-06-27,2024-07-05,0.00
CK0631,P006,BK003,B002,2024-06-27,2024-07-09,0.00
CK0632,P012,BK015,B005,2024-06-27,2024-06-30,0.00
CK0633,P019,BK003,B005,2024-06-28,2024-08-08,6.75
CK0634,P016,BK009,B003,2024-06-28,2024-07-03,0.00
CK0635,P002,BK004,B005,2024-06-28,2024-07-04,0.00
CK0636,P001,BK006,B005,2024-06-28,2024-07-04,0.00
CK0637,P006,BK015,B003,2024-06-28,2024-07-01,0.00
CK0638,P005,BK013,B001,2024-06-28,2024-07-09,0.00
CK0639,P012,BK012,B004,2024-06-29,2024-07-11,0.00
CK0640,P005,BK003,B004,2024-06-30,2024-07-13,0.00
CK0641,P011,BK003,B005,2024-06-30,2024-08-12,7.25
CK0642,P008,BK011,B005,2024-07-01,2024-07-06,0.00
CK0643,P010,BK003,B002,2024-07-01,2024-07-16,0.25
CK0644,P019,BK007,B005,2024-07-01,2024-07-04,0.00
CK0645,P020,BK004,B005,2024-07-01,2024-07-05,0.00
CK0646,P003,BK004,B003,2024-07-02,2024-07-10,0.00
CK0647,P003,BK014,B003,2024-07-02,2024-07-12,0.00
CK0648,P008,BK012,B001,2024-07-02,2024-07-10,0.00
CK0649,P001,BK001,B004,2024-07-02,2024-07-12,0.00
CK0650,P014,BK008,B004,2024-07-03,2024-07-11,0.00
CK0651,P016,BK013,B005,2024-07-03,2024-07-16,0.00
CK0652,P006,BK008,B001,2024-07-03,2024-07-06,0.00
CK0653,P004,BK002,B003,2024-07-04,2024-07-09,0.00
CK0654,P003,BK009,B001,2024-07-04,2024-08-07,5.00
CK0655,P016,BK012,B001,2024-07-04,2024-07-13,0.00
CK0656,P020,BK015,B004,2024-07-04,2024-07-09,0.00
CK0657,P007,BK007,B005,2024-07-05,2024-07-19,0.00
CK0658,P009,BK011,B003,2024-07-05,2024-07-12,0.00
CK0659,P013,BK010,B005,2024-07-05,2024-07-15,0.00
CK0660,P014,BK002,B003,2024-07-06,2024-07-19,0.00
CK0661,P004,BK001,B002,2024-07-07,2024-07-12,0.00
CK0662,P016,BK014,B001,2024-07-08,2024-07-15,0.00
CK0663,P016,BK015,B003,2024-07-08,2024-07-12,0.00
CK0664,P012,BK015,B004,2024-07-09,2024-07-17,0.00
CK0665,P009,BK008,B004,2024-07-09,2024-07-16,0.00
CK0666,P019,BK001,B002,2024-07-09,2024-07-23,0.00
CK0667,P018,BK007,B005,2024-07-10,2024-07-16,0.00
CK0668,P013,BK014,B005,2024-07-10,2024-07-19,0.00
CK0669,P016,BK010,B002,2024-07-10,2024-07-20,0.00
CK0670,P002,BK009,B005,2024-07-10,2024-07-21,0.00
CK0671,P005,BK002,B004,2024-07-11,2024-08-25,7.75
CK0672,P007,BK013,B002,2024-07-11,2024-07-16,0.00
CK0673,P014,BK004,B002,2024-07-11,2024-07-23,0.00
CK0674,P003,BK002,B004,2024-07-11,2024-07-22,0.00
CK0675,P009,BK009,B004,2024-07-11,2024-07-14,0.00
CK0676,P019,BK009,B004,2024-07-11,2024-07-15,0.00
CK0677,P019,BK010,B001,2024-07-12,2024-07-16,0.00
CK0678,P010,BK014,B005,2024-07-12,2024-07-20,0.00
CK0679,P013,BK011,B004,2024-07-12,2024-07-24,0.00
CK0680,P006,BK005,B004,2024-07-12,2024-07-17,0.00
CK0681,P013,BK001,B004,2024-07-12,2024-07-20,0.00
CK0682,P016,BK015,B003,2024-07-12,2024-07-20,0.00
CK0683,P010,BK005,B004,2024-07-13,2024-07-27,0.00
CK0684,P008,BK003,B003,2024-07-13,2024-07-27,0.00
CK0685,P009,BK012,B004,2024-07-14,2024-07-26,0.00
CK0686,P015,BK004,B004,2024-07-14,2024-07-28,0.00
CK0687,P002,BK009,B002,2024-07-15,2024-07-19,0.00
CK0688,P013,BK003,B005,2024-07-15,2024-07-27,0.00
CK0689,P007,BK014,B001,2024-07-15,2024-07-21,0.00
CK0690,P012,BK012,B002,2024-07-15,2024-07-22,0.00
CK0691,P013,BK011,B001,2024-07-16,2024-07-29,0.00
CK0692,P016,BK010,B004,2024-07-16,2024-08-30,7.75
CK0693,P019,BK009,B003,2024-07-16,2024-07-24,0.00
CK0694,P009,BK012,B001,2024-07-16,2024-07-23,0.00
CK0695,P006,BK014,B005,2024-07-16,2024-07-22,0.00
CK0696,P008,BK011,B002,2024-07-16,2024-07-23,0.00
CK0697,P001,BK008,B002,2024-07-17,2024-07-30,0.00
CK0698,P001,BK004,B003,2024-07-17,2024-08-26,6.50
CK0699,P014,BK015,B004,2024-07-18,2024-07-26,0.00
CK0700,P015,BK005,B005,2024-07-18,2024-07-30,0.00
CK0701,P001,BK009,B003,2024-07-18,2024-07-29,0.00
CK0702,P010,BK005,B001,2024-07-18,2024-07-28,0.00
CK0703,P011,BK014,B003,2024-07-19,2024-07-26,0.00
CK0704,P010,BK004,B002,2024-07-19,2024-07-30,0.00
CK0705,P002,BK013,B005,2024-07-19,2024-07-28,0.00
CK0706,P005,BK012,B001,2024-07-19,2024-08-18,4.00
CK0707,P014,BK007,B004,2024-07-20,2024-08-03,0.00
CK0708,P019,BK014,B002,2024-07-20,2024-07-28,0.00
CK0709,P018,BK011,B004,2024-07-21,2024-08-03,0.00
CK0710,P006,BK014,B005,2024-07-21,2024-07-26,0.00
CK0711,P005,BK012,B003,2024-07-21,2024-08-04,0.00
CK0712,P011,BK011,B001,2024-07-22,2024-07-28,0.00
CK0713,P010,BK007,B003,2024-07-22,2024-07-30,0.00
CK0714,P015,BK014,B001,2024-07-22,2024-08-07,0.50
CK0715,P019,BK010,B001,2024-07-23,2024-08-02,0.00
CK0716,P004,BK014,B004,2024-07-23,2024-08-03,0.00
CK0717,P005,BK003,B002,2024-07-23,2024-08-20,3.50
CK0718,P015,BK003,B003,2024-07-23,2024-08-06,0.00
CK0719,P016,BK006,B002,2024-07-23,2024-07-31,0.00
CK0720,P015,BK005,B002,2024-07-23,2024-07-28,0.00
CK0721,P003,BK003,B005,2024-07-24,2024-08-02,0.00
CK0722,P014,BK008,B004,2024-07-24,2024-07-27,0.00
CK0723,P012,BK001,B003,2024-07-24,2024-08-04,0.00
CK0724,P001,BK011,B002,2024-07-24,2024-08-30,5.75
CK0725,P010,BK003,B001,2024-07-24,2024-08-02,0.00
CK0726,P003,BK014,B001,2024-07-25,2024-08-01,0.00
CK0727,P017,BK010,B005,2024-07-25,2024-08-22,3.50
CK0728,P005,BK006,B004,2024-07-25,2024-08-02,0.00
CK0729,P001,BK004,B002,2024-07-26,2024-08-09,0.00
CK0730,P001,BK010,B005,2024-07-26,2024-07-31,0.00
CK0731,P002,BK007,B003,2024-07-26,2024-08-06,0.00
CK0732,P002,BK011,B001,2024-07-26,2024-08-08,0.00
CK0733,P004,BK007,B004,2024-07-26,2024-08-04,0.00
CK0734,P005,BK004,B001,2024-07-27,2024-08-03,0.00
CK0735,P017,BK005,B005,2024-07-27,2024-08-08,0.00
CK0736,P017,BK012,B005,2024-07-28,2024-08-01,0.00
CK0737,P016,BK004,B005,2024-07-29,2024-08-04,0.00
CK0738,P017,BK004,B003,2024-07-29,2024-08-12,0.00
CK0739,P018,BK008,B002,2024-07-30,2024-08-13,0.00
CK0740,P008,BK001,B001,2024-07-30,2024-08-16,0.75
CK0741,P016,BK003,B001,2024-07-31,2024-08-11,0.00
CK0742,P004,BK015,B003,2024-07-31,2024-08-13,0.00
CK0743,P010,BK005,B004,2024-07-31,2024-08-03,0.00
CK0744,P002,BK014,B003,2024-07-31,2024-08-08,0.00
CK0745,P014,BK012,B001,2024-07-31,2024-08-04,0.00
CK0746,P002,BK001,B002,2024-07-31,2024-08-13,0.00
CK0747,P015,BK010,B003,2024-08-01,2024-08-15,0.00
CK0748,P011,BK003,B001,2024-08-01,2024-08-28,3.25
CK0749,P009,BK014,B004,2024-08-01,2024-08-15,0.00
CK0750,P014,BK011,B002,2024-08-01,2024-08-05,0.00
CK0751,P006,BK002,B004,2024-08-02,2024-08-14,0.00
CK0752,P015,BK003,B005,2024-08-02,2024-08-11,0.00
CK0753,P005,BK008,B004,2024-08-03,2024-08-07,0.00
CK0754,P003,BK005,B003,2024-08-04,2024-09-10,5.75
CK0755,P019,BK012,B005,2024-08-05,2024-08-11,0.00
CK0756,P011,BK009,B005,2024-08-05,2024-08-19,0.00
CK0757,P014,BK011,B002,2024-08-05,2024-08-15,0.00
CK0758,P013,BK003,B005,2024-08-05,2024-08-17,0.00
CK0759,P006,BK009,B004,2024-08-05,2024-08-15,0.00
CK0760,P016,BK006,B002,2024-08-05,2024-08-13,0.00
CK0761,P018,BK011,B004,2024-08-06,2024-08-15,0.00
CK0762,P015,BK008,B005,2024-08-06,2024-08-23,0.75
CK0763,P015,BK006,B001,2024-08-06,2024-08-16,0.00
CK0764,P013,BK007,B001,2024-08-07,2024-08-18,0.00
CK0765,P003,BK013,B005,2024-08-07,2024-08-19,0.00
CK0766,P018,BK004,B004,2024-08-08,2024-08-16,0.00
CK0767,P008,BK014,B004,2024-08-08,2024-08-16,0.00
CK0768,P020,BK008,B003,2024-08-08,2024-08-22,0.00
CK0769,P008,BK001,B003,2024-08-08,2024-08-16,0.00
CK0770,P010,BK009,B005,2024-08-08,2024-08-16,0.00
CK0771,P006,BK008,B002,2024-08-08,2024-08-22,0.00
CK0772,P009,BK010,B002,2024-08-09,2024-08-27,1.00
CK0773,P013,BK004,B004,2024-08-09,2024-08-15,0.00
CK0774,P002,BK015,B005,2024-08-10,2024-09-18,6.25
CK0775,P015,BK011,B005,2024-08-10,2024-08-29,1.25
CK0776,P017,BK012,B001,2024-08-11,2024-08-22,0.00
CK0777,P016,BK015,B005,2024-08-12,2024-08-17,0.00
CK0778,P005,BK002,B004,2024-08-12,2024-08-25,0.00
CK0779,P011,BK009,B004,2024-08-12,2024-09-15,5.00
CK0780,P008,BK005,B004,2024-08-12,2024-08-20,0.00
CK0781,P005,BK003,B004,2024-08-12,2024-09-18,5.75
CK0782,P017,BK005,B005,2024-08-12,2024-08-20,0.00
CK0783,P007,BK004,B002,2024-08-13,2024-08-25,0.00
CK0784,P012,BK015,B002,2024-08-13,2024-09-17,5.25
CK0785,P006,BK009,B005,2024-08-13,2024-08-27,0.00
CK0786,P004,BK013,B003,2024-08-13,2024-08-24,0.00
CK0787,P014,BK011,B005,2024-08-13,2024-08-20,0.00
CK0788,P001,BK009,B001,2024-08-13,2024-08-16,0.00
CK0789,P007,BK005,B002,2024-08-14,2024-08-21,0.00
CK0790,P002,BK012,B003,2024-08-14,2024-08-20,0.00
CK0791,P015,BK002,B005,2024-08-15,2024-08-28,0.00
CK0792,P008,BK012,B005,2024-08-15,2024-08-24,0.00
CK0793,P010,BK012,B001,2024-08-15,2024-08-24,0.00
CK0794,P011,BK009,B001,2024-08-15,2024-08-18,0.00
CK0795,P015,BK014,B002,2024-08-16,2024-08-29,0.00
CK0796,P012,BK013,B005,2024-08-16,2024-08-27,0.00
CK0797,P007,BK005,B004,2024-08-16,2024-08-21,0.00
CK0798,P006,BK012,B005,2024-08-16,2024-08-20,0.00
CK0799,P009,BK009,B003,2024-08-16,2024-08-21,0.00
CK0800,P009,BK001,B003,2024-08-16,2024-09-22,5.75
CK0801,P005,BK015,B003,2024-08-17,2024-08-29,0.00
CK0802,P020,BK014,B003,2024-08-18,2024-08-28,0.00
CK0803,P012,BK002,B003,2024-08-18,2024-09-09,2.00
CK0804,P017,BK002,B005,2024-08-18,2024-08-23,0.00
CK0805,P003,BK006,B002,2024-08-19,2024-08-25,0.00
CK0806,P012,BK005,B002,2024-08-19,2024-08-31,0.00
CK0807,P018,BK014,B001,2024-08-19,2024-08-23,0.00
CK0808,P008,BK015,B005,2024-08-19,2024-09-10,2.00
CK0809,P011,BK007,B001,2024-08-19,2024-08-28,0.00
CK0810,P001,BK015,B005,2024-08-20,2024-08-28,0.00
CK0811,P015,BK008,B001,2024-08-20,2024-08-27,0.00
CK0812,P011,BK009,B001,2024-08-20,2024-09-09,1.50
CK0813,P018,BK009,B001,2024-08-20,2024-09-02,0.00
CK0814,P014,BK014,B001,2024-08-21,2024-08-27,0.00
CK0815,P014,BK011,B001,2024-08-21,2024-09-04,0.00
CK0816,P015,BK012,B003,2024-08-21,2024-08-24,0.00
CK0817,P009,BK009,B001,2024-08-22,2024-09-03,0.00
CK0818,P009,BK007,B004,2024-08-22,2024-09-01,0.00
CK0819,P011,BK001,B004,2024-08-22,2024-09-04,0.00
CK0820,P003,BK013,B005,2024-08-23,2024-08-26,0.00
CK0821,P012,BK015,B005,2024-08-23,2024-08-27,0.00
CK0822,P010,BK010,B001,2024-08-23,2024-10-01,6.25
CK0823,P013,BK007,B001,2024-08-23,2024-09-02,0.00
CK0824,P005,BK012,B004,2024-08-23,2024-09-16,2.50
CK0825,P005,BK005,B003,2024-08-23,2024-09-24,4.50
CK0826,P004,BK001,B001,2024-08-24,2024-09-05,0.00
CK0827,P003,BK005,B002,2024-08-25,2024-10-02,6.00
CK0828,P012,BK004,B004,2024-08-25,2024-09-07,0.00
CK0829,P006,BK003,B002,2024-08-25,2024-09-06,0.00
CK0830,P006,BK011,B005,2024-08-26,2024-08-29,0.00
CK0831,P018,BK008,B005,2024-08-26,2024-08-30,0.00
CK0832,P004,BK004,B005,2024-08-27,2024-09-06,0.00
CK0833,P005,BK011,B002,2024-08-27,2024-08-31,0.00
CK0834,P007,BK006,B004,2024-08-27,2024-09-06,0.00
CK0835,P010,BK012,B005,2024-08-27,2024-09-01,0.00
CK0836,P014,BK003,B001,2024-08-28,2024-09-05,0.00
CK0837,P014,BK005,B003,2024-08-28,2024-09-02,0.00
CK0838,P016,BK008,B004,2024-08-28,2024-09-05,0.00
CK0839,P018,BK002,B002,2024-08-28,2024-09-10,0.00
CK0840,P005,BK015,B005,2024-08-29,2024-09-04,0.00
CK0841,P003,BK012,B001,2024-08-29,2024-09-01,0.00
CK0842,P001,BK014,B005,2024-08-29,2024-09-10,0.00
CK0843,P007,BK015,B001,2024-08-29,2024-09-09,0.00
CK0844,P016,BK011,B002,2024-08-30,2024-09-07,0.00
CK0845,P019,BK012,B003,2024-08-30,2024-09-04,0.00
CK0846,P003,BK007,B003,2024-08-30,2024-09-10,0.00
CK0847,P020,BK011,B002,2024-08-30,2024-09-10,0.00
CK0848,P006,BK010,B005,2024-08-30,2024-10-11,7.00
CK0849,P016,BK006,B001,2024-08-30,2024-09-05,0.00
CK0850,P009,BK006,B002,2024-08-31,2024-09-03,0.00
CK0851,P013,BK008,B004,2024-09-01,2024-09-17,0.50
CK0852,P011,BK002,B005,2024-09-01,2024-09-14,0.00
CK0853,P019,BK009,B005,2024-09-02,2024-09-07,0.00
CK0854,P012,BK010,B001,2024-09-02,2024-09-13,0.00
CK0855,P008,BK009,B004,2024-09-02,2024-10-13,6.75
CK0856,P016,BK013,B004,2024-09-02,2024-09-14,0.00
CK0857,P015,BK003,B002,2024-09-03,2024-09-07,0.00
CK0858,P007,BK003,B002,2024-09-03,2024-09-08,0.00
CK0859,P004,BK011,B002,2024-09-03,2024-09-12,0.00
CK0860,P016,BK011,B004,2024-09-04,2024-09-14,0.00
CK0861,P014,BK001,B002,2024-09-04,2024-09-07,0.00
CK0862,P005,BK011,B005,2024-09-05,2024-09-08,0.00
CK0863,P002,BK003,B003,2024-09-05,2024-10-06,4.25
CK0864,P020,BK010,B001,2024-09-05,2024-09-19,0.00
CK0865,P003,BK004,B004,2024-09-06,2024-10-06,4.00
CK0866,P006,BK004,B004,2024-09-06,2024-09-18,0.00
CK0867,P006,BK010,B005,2024-09-06,2024-09-13,0.00
CK0868,P011,BK015,B004,2024-09-06,2024-09-18,0.00
CK0869,P013,BK003,B001,2024-09-07,2024-09-10,0.00
CK0870,P017,BK011,B004,2024-09-07,2024-09-12,0.00
CK0871,P020,BK010,B001,2024-09-08,2024-09-19,0.00
CK0872,P003,BK008,B002,2024-09-08,2024-09-20,0.00
CK0873,P017,BK007,B003,2024-09-09,2024-09-12,0.00
CK0874,P008,BK013,B004,2024-09-09,2024-09-18,0.00
CK0875,P019,BK002,B004,2024-09-09,2024-09-14,0.00
CK0876,P008,BK015,B001,2024-09-09,2024-10-13,5.00
CK0877,P014,BK005,B002,2024-09-09,2024-09-12,0.00
CK0878,P019,BK009,B001,2024-09-10,2024-09-21,0.00
CK0879,P007,BK012,B003,2024-09-10,2024-09-19,0.00
CK0880,P019,BK005,B003,2024-09-11,2024-09-22,0.00
CK0881,P020,BK005,B004,2024-09-11,2024-09-17,0.00
CK0882,P018,BK008,B002,2024-09-11,2024-09-19,0.00
CK0883,P009,BK005,B005,2024-09-11,2024-09-19,0.00
CK0884,P005,BK014,B001,2024-09-11,2024-09-25,0.00
CK0885,P004,BK004,B005,2024-09-12,2024-09-21,0.00
CK0886,P018,BK010,B001,2024-09-12,2024-10-09,3.25
CK0887,P001,BK013,B001,2024-09-12,2024-10-12,4.00
CK0888,P003,BK002,B003,2024-09-13,2024-09-19,0.00
CK0889,P002,BK012,B004,2024-09-13,2024-09-22,0.00
CK0890,P010,BK012,B005,2024-09-13,2024-09-16,0.00
CK0891,P006,BK011,B004,2024-09-13,2024-09-23,0.00
CK0892,P017,BK005,B002,2024-09-13,2024-09-16,0.00
CK0893,P008,BK010,B002,2024-09-14,2024-09-27,0.00
CK0894,P001,BK003,B001,2024-09-14,2024-09-21,0.00
CK0895,P013,BK007,B005,2024-09-14,2024-09-20,0.00
CK0896,P003,BK015,B001,2024-09-15,2024-09-26,0.00
CK0897,P018,BK015,B005,2024-09-15,2024-10-11,3.00
CK0898,P009,BK004,B005,2024-09-15,2024-10-14,3.75
CK0899,P001,BK005,B002,2024-09-16,2024-09-25,0.00
CK0900,P003,BK009,B003,2024-09-16,2024-09-24,0.00
CK0901,P017,BK005,B005,2024-09-16,2024-09-28,0.00
CK0902,P013,BK010,B004,2024-09-16,2024-09-22,0.00
CK0903,P015,BK011,B004,2024-09-16,2024-09-28,0.00
CK0904,P004,BK005,B001,2024-09-16,2024-09-25,0.00
CK0905,P008,BK013,B003,2024-09-17,2024-09-26,0.00
CK0906,P018,BK001,B003,2024-09-17,2024-09-23,0.00
CK0907,P011,BK002,B005,2024-09-17,2024-09-22,0.00
CK0908,P019,BK005,B002,2024-09-18,2024-10-24,5.50
CK0909,P007,BK008,B002,2024-09-18,2024-09-24,0.00
CK0910,P009,BK004,B002,2024-09-18,2024-09-24,0.00
CK0911,P012,BK003,B001,2024-09-19,2024-09-23,0.00
CK0912,P016,BK010,B001,2024-09-19,2024-09-30,0.00
CK0913,P016,BK006,B005,2024-09-19,2024-10-19,4.00
CK0914,P019,BK014,B003,2024-09-19,2024-10-09,1.50
CK0915,P017,BK005,B004,2024-09-19,2024-09-25,0.00
CK0916,P002,BK009,B004,2024-09-19,2024-09-29,0.00
CK0917,P012,BK007,B002,2024-09-20,2024-09-30,0.00
CK0918,P015,BK006,B001,2024-09-20,2024-09-23,0.00
CK0919,P019,BK002,B003,2024-09-20,2024-10-24,5.00
CK0920,P006,BK009,B003,2024-09-20,2024-09-26,0.00
CK0921,P020,BK006,B003,2024-09-20,2024-09-25,0.00
CK0922,P014,BK012,B003,2024-09-20,2024-09-28,0.00
CK0923,P006,BK010,B002,2024-09-21,2024-10-03,0.00
CK0924,P004,BK012,B003,2024-09-21,2024-09-27,0.00
CK0925,P007,BK003,B002,2024-09-22,2024-10-02,0.00
CK0926,P014,BK008,B002,2024-09-22,2024-10-05,0.00
CK0927,P016,BK005,B003,2024-09-23,2024-10-04,0.00
CK0928,P013,BK002,B002,2024-09-23,2024-09-26,0.00
CK0929,P016,BK014,B001,2024-09-23,2024-10-03,0.00
CK0930,P012,BK006,B005,2024-09-23,2024-10-04,0.00
CK0931,P001,BK007,B001,2024-09-24,2024-10-02,0.00
CK0932,P020,BK004,B005,2024-09-24,2024-10-06,0.00
CK0933,P006,BK013,B003,2024-09-24,2024-10-02,0.00
CK0934,P016,BK013,B004,2024-09-24,2024-09-28,0.00
CK0935,P005,BK014,B002,2024-09-25,2024-11-04,6.50
CK0936,P014,BK011,B005,2024-09-25,2024-10-07,0.00
CK0937,P003,BK002,B002,2024-09-25,2024-10-03,0.00
CK0938,P010,BK012,B003,2024-09-25,2024-10-07,0.00
CK0939,P015,BK013,B003,2024-09-25,2024-10-09,0.00
CK0940,P014,BK003,B002,2024-09-26,2024-09-29,0.00
CK0941,P009,BK012,B001,2024-09-26,2024-10-02,0.00
CK0942,P004,BK002,B004,2024-09-26,2024-10-07,0.00
CK0943,P013,BK009,B001,2024-09-26,2024-09-30,0.00
CK0944,P003,BK011,B004,2024-09-26,2024-10-03,0.00
CK0945,P015,BK011,B002,2024-09-27,2024-10-02,0.00
CK0946,P001,BK001,B003,2024-09-27,2024-10-05,0.00
CK0947,P018,BK015,B003,2024-09-27,2024-10-08,0.00
CK0948,P018,BK003,B005,2024-09-27,2024-10-09,0.00
CK0949,P019,BK007,B005,2024-09-28,2024-10-11,0.00
CK0950,P012,BK008,B005,2024-09-28,2024-10-04,0.00
CK0951,P010,BK006,B004,2024-09-28,2024-10-05,0.00
CK0952,P017,BK014,B002,2024-09-29,2024-10-07,0.00
CK0953,P016,BK013,B004,2024-09-30,2024-10-07,0.00
CK0954,P010,BK010,B002,2024-09-30,2024-10-03,0.00
CK0955,P018,BK007,B004,2024-10-01,2024-10-07,0.00
CK0956,P013,BK014,B004,2024-10-01,2024-10-07,0.00
CK0957,P008,BK009,B005,2024-10-01,2024-10-15,0.00
CK0958,P018,BK013,B003,2024-10-01,2024-10-22,1.75
CK0959,P006,BK003,B003,2024-10-01,2024-10-05,0.00
CK0960,P009,BK012,B005,2024-10-02,2024-10-12,0.00
CK0961,P005,BK001,B005,2024-10-02,2024-10-22,1.50
CK0962,P010,BK005,B002,2024-10-02,2024-10-16,0.00
CK0963,P008,BK002,B002,2024-10-02,2024-10-05,0.00
CK0964,P014,BK005,B004,2024-10-02,2024-10-10,0.00
CK0965,P011,BK002,B002,2024-10-03,2024-10-06,0.00
CK0966,P003,BK009,B004,2024-10-03,2024-10-24,1.75
CK0967,P013,BK014,B001,2024-10-04,2024-10-08,0.00
CK0968,P013,BK013,B004,2024-10-04,2024-11-11,6.00
CK0969,P007,BK008,B001,2024-10-04,2024-11-09,5.50
CK0970,P016,BK007,B003,2024-10-04,2024-10-12,0.00
CK0971,P018,BK009,B001,2024-10-05,2024-10-12,0.00
CK0972,P012,BK015,B001,2024-10-06,2024-10-27,1.75
CK0973,P014,BK006,B001,2024-10-07,2024-10-12,0.00
CK0974,P004,BK007,B002,2024-10-07,2024-10-10,0.00
CK0975,P016,BK012,B005,2024-10-07,2024-10-12,0.00
CK0976,P006,BK008,B001,2024-10-08,2024-10-21,0.00
CK0977,P002,BK001,B003,2024-10-08,2024-10-21,0.00
CK0978,P004,BK003,B004,2024-10-08,2024-11-02,2.75
CK0979,P015,BK012,B002,2024-10-09,2024-10-12,0.00
CK0980,P005,BK005,B001,2024-10-09,2024-10-19,0.00
CK0981,P010,BK009,B004,2024-10-09,2024-10-15,0.00
CK0982,P012,BK006,B004,2024-10-09,2024-10-16,0.00
CK0983,P006,BK002,B005,2024-10-10,2024-10-15,0.00
CK0984,P009,BK009,B003,2024-10-10,2024-10-20,0.00
CK0985,P017,BK007,B002,2024-10-10,2024-11-13,5.00
CK0986,P020,BK004,B003,2024-10-10,2024-10-24,0.00
CK0987,P018,BK014,B004,2024-10-10,2024-10-16,0.00
CK0988,P018,BK003,B005,2024-10-10,2024-10-17,0.00
CK0989,P004,BK002,B005,2024-10-11,2024-10-24,0.00
CK0990,P005,BK003,B001,2024-10-11,2024-10-17,0.00
CK0991,P004,BK001,B005,2024-10-11,2024-10-24,0.00
CK0992,P016,BK009,B005,2024-10-11,2024-10-25,0.00
CK0993,P008,BK010,B001,2024-10-12,2024-11-25,7.50
CK0994,P016,BK015,B001,2024-10-12,2024-10-22,0.00
CK0995,P018,BK012,B004,2024-10-13,2024-10-21,0.00
CK0996,P020,BK005,B005,2024-10-13,2024-10-16,0.00
CK0997,P003,BK004,B005,2024-10-14,2024-10-18,0.00
CK0998,P018,BK007,B002,2024-10-14,2024-10-20,0.00
CK0999,P019,BK011,B002,2024-10-14,2024-10-25,0.00
CK1000,P004,BK013,B005,2024-10-14,2024-10-22,0.00
CK1001,P004,BK003,B002,2024-10-15,2024-10-26,0.00
CK1002,P006,BK009,B005,2024-10-15,2024-10-25,0.00
CK1003,P011,BK009,B003,2024-10-15,2024-10-23,0.00
CK1004,P014,BK014,B003,2024-10-15,2024-10-27,0.00
CK1005,P007,BK007,B005,2024-10-15,2024-10-29,0.00
CK1006,P015,BK007,B001,2024-10-16,2024-11-01,0.50
CK1007,P020,BK001,B005,2024-10-16,2024-10-21,0.00
CK1008,P010,BK004,B002,2024-10-16,2024-10-24,0.00
CK1009,P009,BK015,B005,2024-10-16,2024-10-27,0.00
CK1010,P019,BK003,B001,2024-10-16,2024-10-19,0.00
CK1011,P009,BK006,B005,2024-10-17,2024-10-23,0.00
CK1012,P010,BK002,B005,2024-10-17,2024-11-19,4.75
CK1013,P003,BK012,B003,2024-10-17,2024-10-27,0.00
CK1014,P004,BK010,B003,2024-10-18,2024-10-21,0.00
CK1015,P013,BK002,B001,2024-10-18,2024-11-13,3.00
CK1016,P014,BK007,B001,2024-10-18,2024-10-24,0.00
CK1017,P020,BK015,B001,2024-10-18,2024-10-31,0.00
CK1018,P002,BK005,B005,2024-10-18,2024-10-21,0.00
CK1019,P005,BK006,B005,2024-10-18,2024-11-01,0.00
CK1020,P013,BK008,B005,2024-10-19,2024-10-31,0.00
CK1021,P014,BK005,B004,2024-10-19,2024-10-24,0.00
CK1022,P016,BK010,B001,2024-10-19,2024-10-30,0.00
CK1023,P017,BK007,B002,2024-10-20,2024-10-25,0.00
CK1024,P016,BK007,B005,2024-10-20,2024-10-26,0.00
CK1025,P008,BK004,B001,2024-10-21,2024-10-28,0.00
CK1026,P019,BK002,B001,2024-10-21,2024-11-03,0.00
CK1027,P012,BK004,B003,2024-10-21,2024-10-29,0.00
CK1028,P010,BK003,B003,2024-10-21,2024-12-01,6.75
CK1029,P015,BK010,B002,2024-10-21,2024-11-06,0.50
CK1030,P008,BK004,B003,2024-10-21,2024-10-26,0.00
CK1031,P004,BK012,B001,2024-10-22,2024-10-28,0.00
CK1032,P005,BK014,B003,2024-10-22,2024-10-25,0.00
CK1033,P010,BK008,B004,2024-10-23,2024-10-26,0.00
CK1034,P018,BK004,B002,2024-10-23,2024-11-03,0.00
CK1035,P016,BK010,B002,2024-10-24,2024-11-07,0.00
CK1036,P013,BK010,B005,2024-10-24,2024-10-27,0.00
CK1037,P010,BK004,B005,2024-10-24,2024-10-31,0.00
CK1038,P001,BK002,B004,2024-10-24,2024-11-06,0.00
CK1039,P012,BK014,B001,2024-10-24,2024-11-17,2.50
CK1040,P013,BK004,B004,2024-10-24,2024-11-04,0.00
CK1041,P016,BK014,B005,2024-10-25,2024-11-05,0.00
CK1042,P017,BK008,B005,2024-10-25,2024-11-08,0.00
CK1043,P017,BK005,B003,2024-10-25,2024-11-04,0.00
CK1044,P001,BK006,B003,2024-10-25,2024-11-02,0.00
CK1045,P009,BK013,B001,2024-10-26,2024-11-18,2.25
CK1046,P001,BK009,B003,2024-10-26,2024-11-01,0.00
CK1047,P013,BK011,B002,2024-10-26,2024-10-30,0.00
CK1048,P020,BK014,B002,2024-10-27,2024-11-05,0.00
CK1049,P014,BK005,B005,2024-10-27,2024-11-04,0.00
CK1050,P007,BK011,B002,2024-10-27,2024-11-08,0.00
CK1051,P005,BK005,B005,2024-10-28,2024-11-25,3.50
CK1052,P005,BK011,B005,2024-10-28,2024-11-02,0.00
CK1053,P018,BK012,B001,2024-10-28,2024-11-02,0.00
CK1054,P001,BK013,B003,2024-10-29,2024-11-07,0.00
CK1055,P015,BK012,B003,2024-10-29,2024-11-03,0.00
CK1056,P005,BK003,B001,2024-10-29,2024-11-10,0.00
CK1057,P020,BK004,B005,2024-10-30,2024-11-05,0.00
CK1058,P012,BK002,B004,2024-10-30,2024-11-04,0.00
CK1059,P016,BK012,B003,2024-10-30,2024-11-04,0.00
CK1060,P016,BK003,B002,2024-10-30,2024-11-05,0.00
CK1061,P001,BK015,B003,2024-10-30,2024-11-08,0.00
CK1062,P007,BK013,B002,2024-10-30,2024-11-19,1.50
CK1063,P020,BK008,B003,2024-10-31,2024-11-10,0.00
CK1064,P013,BK013,B001,2024-10-31,2024-11-12,0.00
CK1065,P011,BK007,B005,2024-10-31,2024-11-14,0.00
CK1066,P017,BK011,B001,2024-10-31,2024-11-11,0.00
CK1067,P002,BK015,B002,2024-10-31,2024-11-11,0.00
CK1068,P018,BK007,B005,2024-11-01,2024-11-14,0.00
CK1069,P010,BK008,B004,2024-11-01,2024-11-08,0.00
CK1070,P006,BK007,B003,2024-11-02,2024-11-14,0.00
CK1071,P017,BK015,B002,2024-11-02,2024-11-12,0.00
CK1072,P017,BK002,B002,2024-11-03,2024-12-18,7.75
CK1073,P005,BK007,B004,2024-11-04,2024-11-12,0.00
CK1074,P015,BK010,B002,2024-11-04,2024-11-14,0.00
CK1075,P006,BK012,B001,2024-11-04,2024-11-08,0.00
CK1076,P012,BK002,B005,2024-11-04,2024-11-18,0.00
CK1077,P017,BK010,B002,2024-11-04,2024-11-13,0.00
CK1078,P006,BK015,B003,2024-11-04,2024-11-16,0.00
CK1079,P006,BK014,B002,2024-11-05,2024-11-10,0.00
CK1080,P014,BK005,B003,2024-11-05,2024-12-14,6.25
CK1081,P010,BK011,B002,2024-11-05,2024-11-09,0.00
CK1082,P001,BK010,B003,2024-11-06,2024-11-09,0.00
CK1083,P016,BK009,B001,2024-11-06,2024-11-18,0.00
CK1084,P007,BK010,B004,2024-11-06,2024-11-16,0.00
CK1085,P020,BK001,B002,2024-11-07,2024-11-18,0.00
CK1086,P018,BK014,B002,2024-11-07,2024-11-10,0.00
CK1087,P012,BK001,B002,2024-11-07,2024-11-10,0.00
CK1088,P020,BK005,B003,2024-11-07,2024-11-11,0.00
CK1089,P006,BK003,B003,2024-11-07,2024-11-19,0.00
CK1090,P020,BK010,B005,2024-11-07,2024-11-12,0.00
CK1091,P012,BK015,B001,2024-11-08,2024-11-12,0.00
CK1092,P012,BK015,B004,2024-11-08,2024-11-12,0.00
CK1093,P018,BK002,B003,2024-11-08,2024-11-18,0.00
CK1094,P009,BK006,B005,2024-11-08,2024-11-17,0.00
CK1095,P007,BK010,B001,2024-11-08,2024-11-12,0.00
CK1096,P017,BK002,B004,2024-11-08,2024-11-22,0.00
CK1097,P010,BK007,B005,2024-11-09,2024-11-17,0.00
CK1098,P020,BK006,B002,2024-11-09,2024-11-21,0.00
CK1099,P016,BK008,B002,2024-11-09,2024-11-21,0.00
CK1100,P001,BK002,B001,2024-11-10,2024-11-20,0.00
CK1101,P020,BK007,B004,2024-11-11,2024-11-14,0.00
CK1102,P007,BK001,B002,2024-11-11,2024-11-25,0.00
CK1103,P003,BK005,B003,2024-11-11,2024-11-22,0.00
CK1104,P004,BK011,B003,2024-11-12,2024-11-20,0.00
CK1105,P020,BK001,B002,2024-11-12,2024-11-18,0.00
CK1106,P016,BK013,B001,2024-11-13,2024-11-26,0.00
CK1107,P015,BK015,B005,2024-11-13,2024-11-21,0.00
CK1108,P014,BK015,B001,2024-11-13,2024-11-24,0.00
CK1109,P011,BK009,B005,2024-11-13,2024-11-16,0.00
CK1110,P011,BK013,B003,2024-11-13,2024-11-17,0.00
CK1111,P011,BK007,B005,2024-11-14,2024-11-19,0.00
CK1112,P006,BK010,B001,2024-11-14,2024-12-21,5.75
CK1113,P009,BK007,B001,2024-11-15,2024-11-25,0.00
CK1114,P015,BK014,B003,2024-11-15,2024-11-21,0.00
CK1115,P012,BK013,B001,2024-11-16,2024-11-22,0.00
CK1116,P001,BK013,B004,2024-11-17,2024-11-28,0.00
CK1117,P016,BK012,B005,2024-11-17,2024-11-24,0.00
CK1118,P004,BK014,B005,2024-11-17,2024-11-30,0.00
CK1119,P015,BK007,B005,2024-11-18,2024-11-22,0.00
CK1120,P002,BK011,B005,2024-11-18,2024-11-22,0.00
CK1121,P004,BK009,B003,2024-11-19,2024-11-22,0.00
CK1122,P007,BK006,B002,2024-11-19,2024-11-25,0.00
CK1123,P015,BK011,B001,2024-11-20,2024-11-27,0.00
CK1124,P004,BK001,B005,2024-11-20,2024-12-01,0.00
CK1125,P018,BK006,B005,2024-11-20,2024-11-28,0.00
CK1126,P010,BK010,B002,2024-11-20,2024-11-25,0.00
CK1127,P018,BK008,B001,2024-11-21,2024-11-26,0.00
CK1128,P002,BK002,B004,2024-11-21,2024-11-24,0.00
CK1129,P006,BK012,B005,2024-11-21,2024-12-03,0.00
CK1130,P015,BK010,B003,2024-11-21,2024-11-28,0.00
CK1131,P003,BK015,B004,2024-11-22,2024-12-04,0.00
CK1132,P015,BK002,B004,2024-11-22,2024-11-29,0.00
CK1133,P015,BK008,B002,2024-11-22,2024-12-11,1.25
CK1134,P020,BK005,B003,2024-11-22,2024-12-01,0.00
CK1135,P011,BK013,B003,2024-11-22,2024-12-02,0.00
CK1136,P016,BK002,B003,2024-11-22,2024-12-02,0.00
CK1137,P012,BK010,B005,2024-11-23,2024-11-28,0.00
CK1138,P004,BK006,B005,2024-11-23,2024-12-06,0.00
CK1139,P015,BK007,B005,2024-11-24,2024-12-03,0.00
CK1140,P018,BK003,B004,2024-11-24,2024-12-03,0.00
CK1141,P019,BK007,B004,2024-11-24,2024-12-06,0.00
CK1142,P006,BK011,B001,2024-11-25,2024-12-09,0.00
CK1143,P016,BK002,B005,2024-11-25,2024-12-07,0.00
CK1144,P004,BK014,B004,2024-11-25,2024-12-19,2.50
CK1145,P020,BK002,B005,2024-11-26,2024-12-05,0.00
CK1146,P002,BK002,B002,2024-11-26,2024-12-01,0.00
CK1147,P005,BK011,B002,2024-11-27,2024-12-07,0.00
CK1148,P020,BK010,B004,2024-11-27,2024-12-03,0.00
CK1149,P010,BK010,B003,2024-11-28,,
CK1150,P003,BK010,B001,2024-11-28,2024-12-10,0.00
CK1151,P005,BK014,B003,2024-11-28,2024-12-24,3.00
CK1152,P002,BK001,B005,2024-11-28,2024-12-16,1.00
CK1153,P008,BK007,B005,2024-11-29,2024-12-08,0.00
CK1154,P013,BK007,B004,2024-11-29,2024-12-08,0.00
CK1155,P016,BK003,B002,2024-11-30,2024-12-11,0.00
CK1156,P014,BK003,B003,2024-12-01,2024-12-14,0.00
CK1157,P003,BK011,B001,2024-12-01,2025-01-08,6.00
CK1158,P003,BK003,B004,2024-12-02,2024-12-12,0.00
CK1159,P020,BK015,B004,2024-12-02,2024-12-14,0.00
CK1160,P014,BK009,B004,2024-12-02,2024-12-11,0.00
CK1161,P020,BK001,B005,2024-12-03,2024-12-13,0.00
CK1162,P017,BK005,B004,2024-12-03,2024-12-14,0.00
CK1163,P002,BK010,B004,2024-12-03,2024-12-17,0.00
CK1164,P016,BK012,B001,2024-12-03,2024-12-08,0.00
CK1165,P009,BK008,B005,2024-12-03,,
CK1166,P003,BK011,B005,2024-12-04,2024-12-16,0.00
CK1167,P011,BK009,B001,2024-12-04,2024-12-14,0.00
CK1168,P016,BK010,B003,2024-12-04,2024-12-30,3.00
CK1169,P010,BK005,B002,2024-12-04,2025-01-10,5.75
CK1170,P019,BK005,B001,2024-12-04,2024-12-17,0.00
CK1171,P002,BK011,B003,2024-12-05,2024-12-19,0.00
CK1172,P016,BK002,B002,2024-12-05,2024-12-22,0.75
CK1173,P009,BK005,B002,2024-12-05,2024-12-17,0.00
CK1174,P009,BK001,B001,2024-12-05,2024-12-25,1.50
CK1175,P005,BK011,B004,2024-12-05,2024-12-13,0.00
CK1176,P008,BK008,B002,2024-12-05,2024-12-16,0.00
CK1177,P005,BK010,B002,2024-12-06,2025-01-14,6.25
CK1178,P008,BK011,B004,2024-12-06,2024-12-20,0.00
CK1179,P012,BK001,B003,2024-12-07,2024-12-11,0.00
CK1180,P013,BK008,B003,2024-12-07,2025-01-14,6.00
CK1181,P008,BK007,B004,2024-12-07,2024-12-17,0.00
CK1182,P001,BK005,B004,2024-12-08,2024-12-17,0.00
CK1183,P017,BK011,B001,2024-12-08,2024-12-12,0.00
CK1184,P014,BK010,B003,2024-12-09,2024-12-17,0.00
CK1185,P004,BK005,B005,2024-12-09,2024-12-18,0.00
CK1186,P008,BK012,B005,2024-12-09,2024-12-15,0.00
CK1187,P006,BK006,B005,2024-12-09,2024-12-12,0.00
CK1188,P001,BK007,B001,2024-12-10,2024-12-21,0.00
CK1189,P012,BK004,B003,2024-12-10,2024-12-17,0.00
CK1190,P003,BK001,B005,2024-12-11,2024-12-24,0.00
CK1191,P020,BK011,B001,2024-12-11,2024-12-25,0.00
CK1192,P020,BK003,B004,2024-12-11,2025-01-19,6.25
CK1193,P006,BK015,B001,2024-12-11,2024-12-25,0.00
CK1194,P015,BK011,B001,2024-12-11,,
CK1195,P014,BK012,B003,2024-12-11,2024-12-18,0.00
CK1196,P002,BK007,B004,2024-12-12,2024-12-20,0.00
CK1197,P009,BK003,B004,2024-12-12,,
CK1198,P013,BK003,B004,2024-12-12,2024-12-16,0.00
CK1199,P014,BK004,B005,2024-12-12,2024-12-30,1.00
CK1200,P004,BK001,B001,2024-12-13,2024-12-17,0.00
CK1201,P015,BK001,B004,2024-12-13,2024-12-18,0.00
CK1202,P002,BK011,B004,2024-12-13,2024-12-20,0.00
CK1203,P013,BK010,B001,2024-12-13,,
CK1204,P013,BK014,B001,2024-12-14,2024-12-25,0.00
CK1205,P016,BK002,B005,2024-12-14,,
CK1206,P013,BK001,B001,2024-12-15,,
CK1207,P015,BK013,B003,2024-12-15,2024-12-28,0.00
CK1208,P013,BK011,B002,2024-12-16,2024-12-23,0.00
CK1209,P004,BK011,B003,2024-12-16,,
CK1210,P005,BK001,B002,2024-12-17,,
CK1211,P013,BK002,B005,2024-12-17,2024-12-30,0.00
CK1212,P015,BK001,B001,2024-12-17,2024-12-25,0.00
CK1213,P013,BK002,B002,2024-12-18,2024-12-31,0.00
CK1214,P018,BK003,B005,2024-12-18,2024-12-24,0.00
CK1215,P016,BK011,B001,2024-12-19,,
CK1216,P005,BK001,B002,2024-12-19,2025-01-04,0.50
CK1217,P004,BK008,B005,2024-12-19,2024-12-24,0.00
CK1218,P004,BK008,B005,2024-12-20,,
CK1219,P011,BK013,B004,2024-12-20,2025-01-07,1.00
CK1220,P011,BK014,B002,2024-12-21,2024-12-24,0.00
CK1221,P004,BK005,B002,2024-12-22,2024-12-31,0.00
CK1222,P006,BK008,B002,2024-12-23,2025-01-04,0.00
CK1223,P020,BK007,B002,2024-12-23,2024-12-26,0.00
CK1224,P001,BK001,B002,2024-12-23,2024-12-27,0.00
CK1225,P010,BK007,B004,2024-12-23,2025-01-06,0.00
CK1226,P017,BK008,B004,2024-12-23,2024-12-29,0.00
CK1227,P002,BK010,B002,2024-12-23,,
CK1228,P012,BK007,B001,2024-12-24,2025-01-04,0.00
CK1229,P004,BK010,B003,2024-12-24,2025-01-04,0.00
CK1230,P007,BK005,B001,2024-12-24,2024-12-30,0.00
CK1231,P016,BK008,B002,2024-12-24,,
CK1232,P010,BK004,B004,2024-12-25,2025-01-01,0.00
CK1233,P015,BK001,B001,2024-12-25,,
CK1234,P001,BK008,B005,2024-12-25,2025-01-11,0.75
CK1235,P019,BK010,B003,2024-12-25,2025-01-03,0.00
CK1236,P004,BK006,B002,2024-12-26,2024-12-30,0.00
CK1237,P007,BK007,B002,2024-12-26,2024-12-30,0.00
CK1238,P002,BK015,B004,2024-12-26,,
CK1239,P012,BK003,B004,2024-12-27,2025-01-10,0.00
CK1240,P007,BK006,B002,2024-12-27,2024-12-30,0.00
CK1241,P009,BK003,B001,2024-12-27,2025-01-06,0.00
CK1242,P008,BK015,B003,2024-12-27,2025-01-08,0.00
CK1243,P020,BK015,B002,2024-12-27,,
CK1244,P016,BK014,B002,2024-12-28,,
CK1245,P014,BK012,B002,2024-12-28,,
CK1246,P019,BK003,B005,2024-12-28,,
CK1247,P017,BK001,B004,2024-12-29,2025-01-09,0.00
CK1248,P004,BK008,B004,2024-12-29,,
CK1249,P007,BK003,B003,2024-12-30,,
CK1250,P016,BK011,B003,2024-12-30,2025-01-04,0.00
CK1251,P019,BK001,B004,2024-12-30,2025-01-09,0.00
CK1252,P006,BK013,B003,2024-12-30,,
CK1253,P003,BK007,B003,2024-12-30,2025-01-10,0.00
CK1254,P018,BK010,B002,2024-12-31,,
CK1255,P002,BK009,B003,2024-12-31,,
CK1256,P002,BK006,B003,2024-12-31,,
CK1257,P007,BK003,B003,2024-12-31,,
CK1258,P019,BK014,B002,2024-12-31,,
CK1259,P009,BK009,B004,2024-12-31,,
