Transaction_ID,Date,Truck_ID,Employee_ID,Menu_Item_ID,Quantity,Unit_Price,Amount,Tip,Payment_Method,Event_ID
TXN00001,11/27/2024,T003,E002,M008,2,12.99,25.98,5.41,VENMO,EV014
TXN00002,01/21/2024,T002,E012,M008,5,13.49,67.45,,Credit Card,
TXN00003,08/06/2024,T003,E002,M001,2,11.49,22.98,1.24,Credit card,EV003
TXN00004,07/17/2024,T003,E002,M020,3,8.99,26.97,4.29,Venmo,
TXN00005,03-06-2024,T003,E005,M019,2,10.99,21.98,,Credit Card,EV003
TXN00006,03-05-2024,T004,E012,M009,4,9.49,37.96,2.84,credit card,EV003
TXN00007,11-11-2024,T002,E004,M006,4,11.49,45.96,7.4,VENMO,EV011
TXN00008,02/02/2024,T001,E012,M011,4,6.99,27.96,,Zelle,EV011
TXN00009,22-04-2024,T004,E009,M021,4,12.99,51.96,1.97,VENMO,EV009
TXN00010,10/30/2024,T004,E002,M012,2,12.99,25.98,0.73,Cash,EV005
TXN00011,11/21/2024,T004,E005,M020,1,11.49,11.49,7.97,VENMO,
TXN00012,10-01-2024,T001,E007,M022,5,6.99,34.95,2.72,credit card,EV006
TXN00013,08/24/2024,T003,E011,M017,2,15.99,31.98,6.96,credit card,
TXN00014,11/11/2024,T003,E010,M025,2,15.99,31.98,7.38,Cash,EV011
TXN00015,09/11/2024,T003,E002,M010,2,8.99,17.98,4.54,CASH,
TXN00016,09-02-2024,T002,E007,M005,4,15.99,63.96,4.22,Zelle,EV007
TXN00017,07-10-2024,T002,E009,M023,3,11.49,34.47,5.2,venmo,EV015
TXN00018,03/06/2024,T001,E002,M011,1,13.49,13.49,4.71,Cash,EV002
TXN00019,05/01/2024,T001,E009,M011,1,15.99,15.99,5.35,Credit Card,EV005
TXN00020,10/23/2024,T002,E006,M016,4,14.99,59.96,,Venmo,EV014
TXN00021,08/02/2024,T001,E004,M022,1,8.99,8.99,2.71,CASH,EV007
TXN00022,04/11/2024,T002,E008,M014,2,6.99,13.98,7.0,CASH,
TXN00023,02/24/2024,T001,E001,M003,2,12.99,25.98,3.85,Venmo,EV006
TXN00024,07/17/2024,T004,E011,M009,4,6.99,27.96,7.66,VENMO,
TXN00025,03/24/2024,T002,E001,M002,5,15.99,79.95,,Credit card,EV002
TXN00026,10/30/2024,T002,E011,M002,5,10.99,54.95,0.55,CASH,EV008
TXN00027,07/29/2024,T002,E010,M019,5,8.99,44.95,3.35,Zelle,
TXN00028,14-06-2024,T002,E008,M022,3,14.99,44.97,1.05,credit card,EV011
TXN00029,02/11/2024,T001,E002,M003,5,14.99,74.95,1.06,Credit card,EV008
TXN00030,07/12/2024,T004,E001,M018,3,13.49,40.47,6.46,VENMO,
TXN00031,06-06-2024,T001,E005,M005,3,10.99,32.97,5.94,cash,EV010
TXN00032,11/09/2024,T003,E002,M007,3,15.99,47.97,7.24,Cash,EV014
TXN00033,05/25/2024,T003,E009,M025,2,6.99,13.98,3.53,Venmo,EV001
TXN00034,03/02/2024,T002,E001,M018,1,9.49,9.49,1.18,cash,EV010
TXN00035,09-07-2024,T001,E007,M012,2,14.99,29.98,2.83,VENMO,EV005
TXN00036,05-05-2024,T002,E011,M014,1,12.99,12.99,2.66,Venmo,EV008
TXN00037,05/20/2024,T001,E006,M013,1,7.99,7.99,6.53,venmo,EV010
TXN00038,04/30/2024,T002,E006,M013,3,6.99,20.97,7.74,credit card,
TXN00039,27-07-2024,T003,E001,M001,1,6.99,6.99,7.7,credit card,EV004
TXN00040,11/05/2024,T003,E004,M014,5,15.99,79.95,,Zelle,EV009
TXN00041,27-01-2024,T001,E010,M017,5,14.99,74.95,0.56,Credit card,EV011
TXN00042,09-12-2024,T003,E003,M017,3,11.49,34.47,5.58,VENMO,EV007
TXN00043,07-08-2024,T004,E005,M022,2,13.49,26.98,3.25,Cash,EV010
TXN00044,04/21/2024,T003,E011,M015,4,7.99,31.96,4.09,cash,EV003
TXN00045,05/29/2024,T003,E001,M003,2,6.99,13.98,1.59,Cash,EV008
TXN00046,04-09-2024,T001,E007,M015,4,13.49,53.96,5.57,venmo,EV008
TXN00047,20-03-2024,T001,E008,M025,1,11.49,11.49,6.43,VENMO,EV002
TXN00047,10/16/2024,T001,E006,M015,2,7.99,15.98,7.9,Zelle,EV015
TXN00049,13-11-2024,T004,E004,M018,4,12.99,51.96,3.8,credit card,EV009
TXN00050,09/27/2024,T002,E006,M009,4,10.99,43.96,1.88,Credit card,
TXN00051,02/15/2024,T002,E006,M013,2,14.99,29.98,,Venmo,
TXN00052,08/30/2024,T002,E007,M014,4,13.49,53.96,0.16,Zelle,
TXN00053,08-01-2024,T003,E004,M025,4,11.49,45.96,5.88,Zelle,
TXN00054,04/26/2024,T004,E008,M001,4,9.49,37.96,6.39,cash,EV005
TXN00055,11/18/2024,T004,E003,M019,5,8.99,44.95,,Venmo,EV015
TXN00056,04/07/2024,T004,E005,M011,2,7.99,15.98,6.09,Venmo,EV014
TXN00057,13-05-2024,T004,E011,M001,5,8.99,44.95,2.8,CASH,EV002
TXN00058,20-01-2024,T002,E010,M001,5,12.99,64.95,3.79,CASH,EV007
TXN00059,30-08-2024,T003,E005,M006,5,13.49,67.45,5.75,cash,EV004
TXN00060,10/27/2024,T003,E012,M019,4,11.49,45.96,1.59,Zelle,EV008
TXN00061,26-02-2024,T003,E006,M022,5,10.99,54.95,4.53,Cash,
TXN00062,11-08-2024,T001,E007,M017,3,8.99,26.97,6.58,CASH,EV012
TXN00063,25-11-2024,T004,E010,M023,2,11.49,22.98,4.17,credit card,
TXN00064,09/08/2024,T003,E010,M011,2,10.99,21.98,3.61,venmo,EV013
TXN00065,06/25/2024,T003,E010,M006,4,14.99,59.96,2.07,credit card,EV009
TXN00066,10/15/2024,T002,E011,M003,2,11.49,22.98,6.07,venmo,
TXN00067,21-08-2024,T001,E006,M010,2,11.49,22.98,2.45,Zelle,
TXN00068,10/14/2024,T004,E005,M024,5,9.49,47.45,3.63,credit card,EV008
TXN00069,06-03-2024,T003,E012,M004,5,12.99,64.95,5.91,credit card,
TXN00070,11/05/2024,T001,E003,M007,3,14.99,44.97,2.42,VENMO,EV009
TXN00071,28-01-2024,T003,E010,M023,2,7.99,15.98,,Cash,EV010
TXN00072,09/01/2024,T003,E007,M006,1,6.99,6.99,3.82,CASH,
TXN00073,02/11/2024,T001,E002,M005,2,13.49,26.98,0.68,Credit Card,
TXN00074,05-08-2024,T002,E007,M025,5,11.49,57.45,3.54,Zelle,EV010
TXN00075,22-10-2024,T001,E003,M025,2,14.99,29.98,0.65,Credit Card,
TXN00076,02/12/2024,T004,E012,M015,5,7.99,39.95,1.85,credit card,EV015
TXN00077,10-02-2024,T003,E005,M021,5,14.99,74.95,4.36,cash,EV005
TXN00078,02/10/2024,T003,E012,M020,5,6.99,34.95,3.75,credit card,EV013
TXN00079,05/23/2024,T004,E012,M015,1,13.49,13.49,,Venmo,EV011
TXN00080,11/09/2024,T001,E010,M008,5,13.49,67.45,8.0,credit card,EV002
TXN00081,04/03/2024,T004,E008,M009,2,13.49,26.98,6.51,CASH,EV012
TXN00082,08/01/2024,T001,E009,M006,3,11.49,34.47,2.31,Venmo,EV002
TXN00083,08/24/2024,T003,E011,M011,1,11.49,11.49,6.6,Cash,
TXN00084,08/28/2024,T002,E004,M017,3,13.49,40.47,5.0,Cash,EV009
TXN00085,10/12/2024,T003,E004,M015,4,10.99,43.96,,Zelle,EV006
TXN00086,06/12/2024,T004,E008,M003,2,10.99,21.98,0.94,cash,EV010
TXN00087,21-09-2024,T004,E010,M016,4,14.99,59.96,1.16,Credit Card,
TXN00088,14-03-2024,T003,E005,M025,4,9.49,37.96,4.06,Cash,EV010
TXN00089,10/31/2024,T004,E007,M005,4,15.99,63.96,2.66,VENMO,EV015
TXN00090,17-06-2024,T002,E012,M019,4,14.99,59.96,3.29,Credit card,
TXN00091,07/18/2024,T002,E008,M016,1,12.99,12.99,4.72,CASH,EV004
TXN00092,30-09-2024,T001,E008,M024,2,11.49,22.98,7.76,CASH,EV009
TXN00093,26-06-2024,T004,E006,M021,1,9.49,9.49,6.87,Venmo,
TXN00094,10/08/2024,T001,E011,M008,3,14.99,44.97,3.47,CASH,EV004
TXN00095,08/19/2024,T003,E007,M001,1,9.49,9.49,2.35,Credit card,EV005
TXN00096,05/09/2024,T002,E008,M006,2,10.99,21.98,3.06,Credit Card,EV005
TXN00097,05/02/2024,T003,E011,M015,3,8.99,26.97,3.72,credit card,
TXN00098,03/25/2024,T003,E004,M019,3,11.49,34.47,3.65,credit card,EV013
TXN00099,09/08/2024,T004,E011,M019,3,13.49,40.47,5.59,Cash,EV013
TXN00100,05/24/2024,T001,E004,M020,4,6.99,27.96,1.84,Credit card,EV007
TXN00101,11/17/2024,T002,E006,M021,1,8.99,8.99,3.53,Zelle,EV005
TXN00102,20-02-2024,T003,E009,M024,4,12.99,51.96,6.29,Credit card,
TXN00103,23-05-2024,T003,E003,M016,3,9.49,28.47,3.75,CASH,EV008
TXN00104,16-12-2024,T004,E002,M018,3,10.99,32.97,0.11,VENMO,EV015
TXN00105,11-07-2024,T003,E008,M019,4,9.49,37.96,,Credit Card,EV001
TXN00106,17-11-2024,T003,E011,M020,2,10.99,21.98,3.71,credit card,EV014
TXN00107,03/04/2024,T001,E003,M010,4,10.99,43.96,,VENMO,EV013
TXN00108,08/24/2024,T004,E007,M019,2,11.49,22.98,6.67,Zelle,EV009
TXN00109,21-01-2024,T002,E009,M015,4,14.99,59.96,0.79,Credit card,EV012
TXN00110,02/05/2024,T002,E001,M004,4,10.99,43.96,5.13,Zelle,EV002
TXN00111,06/23/2024,T002,E004,M019,2,10.99,21.98,4.43,Zelle,EV008
TXN00112,21-06-2024,T001,E011,M009,2,12.99,25.98,6.39,CASH,EV001
TXN00113,03/12/2024,T002,E009,M019,3,8.99,26.97,0.42,Venmo,EV004
TXN00114,02/06/2024,T003,E001,M017,5,10.99,54.95,1.77,Zelle,
TXN00115,06/07/2024,T001,E002,M002,4,11.49,45.96,0.86,venmo,EV003
TXN00116,17-06-2024,T001,E007,M005,3,13.49,40.47,4.39,Credit card,
TXN00117,06/03/2024,T004,E004,M004,1,15.99,15.99,1.72,venmo,EV014
TXN00118,26-06-2024,T004,E003,M014,1,9.49,9.49,5.32,Credit card,
TXN00119,02/08/2024,T001,E009,M003,4,10.99,43.96,2.98,cash,EV002
TXN00120,31-10-2024,T003,E012,M022,1,11.49,11.49,5.32,Venmo,EV002
TXN00121,31-05-2024,T003,E002,M004,5,15.99,79.95,5.25,Credit Card,EV012
TXN00122,10/15/2024,T003,E010,M019,2,11.49,22.98,7.8,Zelle,
TXN00123,18-01-2024,T003,E006,M001,2,6.99,13.98,2.47,Credit card,EV001
TXN00123,06-04-2024,T004,E004,M003,2,8.99,17.98,,VENMO,EV013
TXN00125,08/06/2024,T002,E001,M012,3,9.49,28.47,4.54,CASH,EV005
TXN00126,25-03-2024,T001,E008,M022,1,6.99,6.99,3.39,Zelle,EV014
TXN00127,05/23/2024,T001,E009,M012,4,10.99,43.96,5.43,venmo,EV010
TXN00128,01/28/2024,T001,E005,M001,2,6.99,13.98,6.14,credit card,EV011
TXN00129,03/06/2024,T004,E011,M006,2,11.49,22.98,1.84,VENMO,EV012
TXN00130,02/10/2024,T001,E007,M014,1,7.99,7.99,6.9,Zelle,EV013
TXN00131,11/27/2024,T001,E012,M013,1,9.49,9.49,7.58,venmo,EV012
TXN00132,02/19/2024,T001,E012,M008,4,13.49,53.96,0.63,credit card,EV011
TXN00133,04/27/2024,T002,E006,M003,5,10.99,54.95,1.55,Credit card,EV005
TXN00134,05/04/2024,T003,E003,M007,2,13.49,26.98,6.07,CASH,
TXN00135,29-08-2024,T004,E003,M022,5,13.49,67.45,7.77,Credit card,EV015
TXN00136,02/08/2024,T003,E008,M009,5,8.99,44.95,0.59,venmo,EV002
TXN00137,02/03/2024,T003,E009,M003,1,13.49,13.49,3.08,Zelle,EV002
TXN00138,22-08-2024,T002,E002,M011,5,7.99,39.95,7.66,venmo,EV011
TXN00139,02/17/2024,T002,E003,M002,2,7.99,15.98,4.19,Zelle,EV012
TXN00140,13-07-2024,T004,E002,M014,3,13.49,40.47,,Credit card,EV011
TXN00141,02/22/2024,T004,E011,M010,3,13.49,40.47,2.67,Zelle,EV005
TXN00142,07/02/2024,T004,E003,M005,5,10.99,54.95,3.01,Credit card,
TXN00143,21-02-2024,T004,E006,M017,3,8.99,26.97,1.44,Credit Card,
TXN00144,04/12/2024,T002,E012,M005,1,6.99,6.99,0.81,VENMO,
TXN00145,24-01-2024,T002,E003,M020,4,12.99,51.96,6.65,Zelle,EV015
TXN00146,01/27/2024,T002,E009,M015,5,6.99,34.95,6.27,Credit Card,EV008
TXN00147,11-06-2024,T004,E007,M007,3,13.49,40.47,3.69,credit card,
TXN00148,10/01/2024,T002,E006,M007,5,12.99,64.95,0.42,venmo,
TXN00149,26-02-2024,T001,E007,M010,1,12.99,12.99,7.24,cash,EV003
TXN00150,27-04-2024,T003,E002,M001,4,8.99,35.96,2.99,Venmo,EV012
TXN00151,04/28/2024,T001,E008,M023,3,12.99,38.97,,credit card,EV005
TXN00152,09/01/2024,T001,E009,M003,1,6.99,6.99,1.2,Zelle,EV014
TXN00153,01-03-2024,T002,E008,M010,1,8.99,8.99,5.11,Zelle,EV003
TXN00154,01-03-2024,T004,E005,M020,5,8.99,44.95,4.6,cash,EV014
TXN00155,05-01-2024,T002,E002,M019,4,12.99,51.96,0.68,Credit card,
TXN00156,10/09/2024,T001,E012,M013,4,8.99,35.96,7.85,credit card,EV001
TXN00157,05-07-2024,T003,E006,M008,1,13.49,13.49,2.66,Cash,
TXN00158,26-06-2024,T002,E012,M025,4,7.99,31.96,6.49,CASH,EV015
TXN00159,01/23/2024,T001,E008,M007,1,9.49,9.49,4.12,VENMO,EV009
TXN00160,23-01-2024,T002,E006,M010,3,8.99,26.97,2.66,CASH,EV014
TXN00161,27-07-2024,T004,E005,M011,2,7.99,15.98,2.94,VENMO,EV003
TXN00162,08/09/2024,T002,E011,M018,3,9.49,28.47,,Credit card,EV010
TXN00163,06/09/2024,T004,E010,M006,4,9.49,37.96,5.81,Credit card,EV014
TXN00164,24-05-2024,T001,E001,M003,4,9.49,37.96,6.0,cash,EV005
TXN00165,11-11-2024,T004,E007,M002,2,10.99,21.98,5.16,Credit card,EV002
TXN00166,11/09/2024,T004,E006,M012,3,7.99,23.97,4.59,VENMO,EV013
TXN00167,13-06-2024,T002,E002,M004,1,12.99,12.99,3.1,VENMO,EV009
TXN00168,17-05-2024,T002,E008,M020,3,7.99,23.97,1.09,CASH,EV006
TXN00169,19-08-2024,T003,E003,M022,3,10.99,32.97,2.32,credit card,EV006
TXN00170,07/08/2024,T001,E010,M007,2,14.99,29.98,0.21,VENMO,EV012
TXN00171,31-08-2024,T002,E009,M020,1,10.99,10.99,8.0,venmo,EV014
TXN00172,01-08-2024,T001,E003,M005,3,10.99,32.97,5.44,Credit card,
TXN00173,11/27/2024,T002,E003,M014,5,8.99,44.95,4.14,credit card,EV006
TXN00174,18-06-2024,T002,E005,M012,5,6.99,34.95,2.0,VENMO,EV005
TXN00175,11/20/2024,T001,E012,M017,2,13.49,26.98,1.23,Zelle,EV011
TXN00176,10/19/2024,T001,E007,M003,1,13.49,13.49,1.69,Zelle,EV001
TXN00177,15-09-2024,T003,E005,M021,3,7.99,23.97,6.46,Venmo,EV015
TXN00178,11-02-2024,T002,E006,M015,4,7.99,31.96,2.72,cash,EV011
TXN00179,29-06-2024,T002,E002,M025,3,15.99,47.97,2.55,venmo,EV009
TXN00180,08/22/2024,T001,E006,M002,3,11.49,34.47,3.35,cash,EV011
TXN00181,11-04-2024,T004,E007,M017,4,7.99,31.96,3.98,CASH,
TXN00182,26-08-2024,T002,E010,M019,3,8.99,26.97,,venmo,
TXN00183,05/30/2024,T001,E001,M014,2,6.99,13.98,6.11,Credit card,EV013
TXN00184,01/31/2024,T002,E008,M012,5,6.99,34.95,,VENMO,
TXN00185,27-05-2024,T001,E006,M005,1,11.49,11.49,7.89,VENMO,EV005
TXN00186,15-04-2024,T004,E008,M017,1,8.99,8.99,,Credit card,
TXN00187,08/25/2024,T002,E010,M011,5,9.49,47.45,7.92,credit card,EV011
TXN00188,20-09-2024,T004,E011,M023,5,6.99,34.95,0.13,Credit card,EV004
TXN00189,08/05/2024,T001,E010,M020,4,6.99,27.96,6.26,Zelle,EV008
TXN00190,01/31/2024,T002,E001,M017,5,11.49,57.45,,Credit Card,EV004
TXN00191,04/11/2024,T003,E008,M014,2,11.49,22.98,3.28,Zelle,EV002
TXN00192,03/15/2024,T003,E009,M022,4,15.99,63.96,7.65,venmo,EV011
TXN00193,10/10/2024,T003,E004,M020,4,14.99,59.96,2.23,credit card,EV010
TXN00194,31-05-2024,T004,E005,M011,4,9.49,37.96,7.48,credit card,EV004
TXN00195,24-10-2024,T004,E006,M013,3,12.99,38.97,2.3,CASH,EV015
TXN00196,12/05/2024,T004,E003,M007,2,15.99,31.98,4.5,credit card,EV004
TXN00197,15-11-2024,T002,E007,M008,1,15.99,15.99,1.86,CASH,EV011
TXN00198,09/02/2024,T002,E008,M001,5,12.99,64.95,7.48,venmo,EV007
TXN00199,05/31/2024,T001,E003,M025,1,13.49,13.49,5.91,Cash,EV014
TXN00200,04-04-2024,T001,E001,M013,4,12.99,51.96,7.7,credit card,EV001
TXN00201,06/05/2024,T001,E003,M011,-2,7.99,-24.99,,venmo,
TXN00202,08/31/2024,T001,E012,M011,2,7.99,15.98,5.75,Cash,EV011
TXN00203,06/04/2024,T002,E007,M006,5,11.49,57.45,4.12,CASH,EV004
TXN00204,08-04-2024,T004,E006,M011,2,8.99,17.98,1.88,credit card,EV010
TXN00205,29-10-2024,T001,E008,M009,3,14.99,44.97,,CASH,EV010
TXN00206,03/26/2024,T003,E008,M023,1,6.99,6.99,1.77,cash,EV005
TXN00207,24-08-2024,T003,E004,M014,5,7.99,39.95,6.42,Credit Card,EV003
TXN00208,09/30/2024,T003,E009,M003,5,10.99,54.95,,VENMO,EV007
TXN00209,10/24/2024,T002,E012,M011,5,7.99,39.95,,Credit Card,
TXN00210,20-02-2024,T004,E009,M002,4,12.99,51.96,3.65,Cash,EV015
TXN00211,14-12-2024,T001,E007,M013,3,8.99,26.97,4.63,Cash,EV012
TXN00212,02/06/2024,T001,E011,M003,4,8.99,35.96,1.44,cash,EV014
TXN00213,14-07-2024,T004,E003,M015,4,11.49,45.96,,VENMO,EV012
TXN00214,03/05/2024,T004,E008,M017,2,14.99,29.98,6.05,credit card,
TXN00215,08/09/2024,T002,E001,M008,4,9.49,37.96,1.51,CASH,EV014
TXN00216,14-11-2024,T001,E008,M008,2,10.99,21.98,,Cash,EV002
TXN00217,09-05-2024,T004,E003,M015,2,15.99,31.98,6.91,Cash,
TXN00218,06/01/2024,T003,E004,M019,5,9.49,47.45,7.01,VENMO,EV014
TXN00219,06/06/2024,T002,E009,M021,4,15.99,63.96,7.78,Venmo,EV011
TXN00220,08/05/2024,T003,E012,M013,2,15.99,31.98,6.79,credit card,EV005
TXN00221,29-08-2024,T004,E005,M014,5,15.99,79.95,,Credit Card,EV007
TXN00222,22-06-2024,T004,E007,M012,1,15.99,15.99,1.52,credit card,EV002
TXN00223,02/11/2024,T002,E004,M016,2,9.49,18.98,7.27,Credit Card,EV004
TXN00224,06-09-2024,T002,E009,M013,2,15.99,31.98,2.26,venmo,EV012
TXN00225,06/10/2024,T004,E006,M015,1,7.99,7.99,2.56,Credit Card,EV011
TXN00226,08/03/2024,T002,E012,M024,2,8.99,17.98,7.48,Zelle,EV014
TXN00227,06/04/2024,T003,E005,M008,4,13.49,53.96,3.99,Credit card,
TXN00228,28-11-2024,T004,E008,M006,3,12.99,38.97,,VENMO,EV006
TXN00229,08-10-2024,T001,E007,M017,1,10.99,10.99,5.35,Cash,EV005
TXN00230,11/22/2024,T002,E008,M001,2,15.99,31.98,0.48,Zelle,
TXN00231,01/13/2024,T004,E001,M001,1,15.99,15.99,4.29,credit card,
TXN00232,12/15/2024,T002,E010,M004,1,15.99,15.99,,Credit Card,
TXN00233,13-05-2024,T003,E012,M013,1,9.49,9.49,3.67,Credit Card,EV008
TXN00234,06-06-2024,T001,E001,M021,1,10.99,10.99,3.02,venmo,EV001
TXN00235,04/01/2024,T004,E001,M021,3,13.49,40.47,7.79,VENMO,EV008
TXN00236,22-04-2024,T004,E010,M009,1,10.99,10.99,2.24,VENMO,EV002
TXN00237,05-04-2024,T003,E002,M001,2,13.49,26.98,,Venmo,EV010
TXN00238,03/28/2024,T004,E009,M022,5,9.49,47.45,5.92,CASH,EV012
TXN00239,02/01/2024,T002,E006,M003,3,13.49,40.47,7.64,Venmo,EV001
TXN00240,11/24/2024,T004,E011,M016,2,9.49,18.98,3.0,cash,EV013
TXN00241,17-02-2024,T003,E012,M008,1,10.99,10.99,3.04,cash,EV013
TXN00242,06/15/2024,T001,E002,M001,3,7.99,23.97,2.16,cash,EV006
TXN00243,08/12/2024,T004,E006,M004,1,10.99,10.99,0.74,Zelle,EV013
TXN00244,01/11/2024,T004,E009,M025,1,15.99,15.99,7.83,Zelle,EV006
TXN00245,12/20/2024,T002,E005,M009,3,6.99,20.97,0.51,Venmo,EV014
TXN00246,06/06/2024,T001,E004,M012,3,14.99,44.97,3.97,Zelle,EV015
TXN00247,02/28/2024,T001,E006,M013,3,13.49,40.47,6.9,venmo,EV014
TXN00248,03-12-2024,T002,E003,M010,3,13.49,40.47,1.61,Credit card,EV013
TXN00249,06/16/2024,T004,E006,M019,2,9.49,18.98,6.53,Venmo,EV004
TXN00250,10/19/2024,T002,E008,M022,5,8.99,44.95,3.69,Credit Card,EV010
TXN00251,12/24/2024,T004,E012,M022,4,12.99,51.96,1.94,cash,EV014
TXN00252,07/16/2024,T004,E009,M019,4,15.99,63.96,7.36,Venmo,EV002
TXN00253,07-07-2024,T001,E011,M004,2,9.49,18.98,4.9,Zelle,EV013
TXN00254,22-06-2024,T004,E009,M004,1,10.99,10.99,4.09,VENMO,EV008
TXN00255,08/20/2024,T004,E002,M025,5,15.99,79.95,7.98,venmo,EV010
TXN00256,04-08-2024,T001,E009,M004,2,9.49,18.98,3.64,Credit Card,
TXN00257,07/01/2024,T004,E012,M024,4,9.49,37.96,,Cash,EV004
TXN00258,16-01-2024,T001,E009,M022,2,14.99,29.98,4.42,Credit card,EV014
TXN00259,08/28/2024,T004,E012,M021,2,12.99,25.98,3.46,Cash,EV007
TXN00260,08/22/2024,T004,E010,M001,2,14.99,29.98,5.63,CASH,EV004
TXN00261,10/05/2024,T003,E011,M007,4,10.99,43.96,6.9,VENMO,EV011
TXN00262,11/05/2024,T004,E011,M019,1,9.49,9.49,3.66,cash,EV010
TXN00263,11/14/2024,T002,E009,M011,1,14.99,14.99,1.46,cash,EV013
TXN00264,08/06/2024,T004,E009,M014,2,7.99,15.98,5.55,cash,EV006
TXN00265,09/11/2024,T002,E001,M011,4,13.49,53.96,,Credit card,
TXN00266,03/14/2024,T004,E008,M018,5,7.99,39.95,3.93,venmo,EV006
TXN00267,02/16/2024,T002,E010,M010,1,6.99,6.99,2.31,venmo,
TXN00268,10/12/2024,T001,E009,M009,5,9.49,47.45,6.05,venmo,EV007
TXN00269,08/09/2024,T002,E008,M010,1,7.99,7.99,6.9,CASH,EV004
TXN00270,05/05/2024,T003,E004,M023,5,11.49,57.45,1.11,Credit Card,EV002
TXN00271,10/22/2024,T003,E010,M020,5,12.99,64.95,5.63,credit card,EV009
TXN00272,24-09-2024,T001,E012,M005,4,8.99,35.96,6.94,cash,EV005
TXN00273,05/11/2024,T003,E011,M008,4,7.99,31.96,,credit card,EV014
TXN00274,07/15/2024,T001,E008,M013,5,6.99,34.95,7.02,venmo,EV011
TXN00275,10/28/2024,T001,E004,M024,4,9.49,37.96,6.37,Venmo,EV014
TXN00276,04/22/2024,T003,E006,M010,3,15.99,47.97,4.53,venmo,EV002
TXN00277,01/28/2024,T004,E004,M001,1,12.99,12.99,0.01,Venmo,EV005
TXN00278,12/02/2024,T003,E001,M003,3,6.99,20.97,,cash,EV013
TXN00279,11/20/2024,T002,E002,M014,1,10.99,10.99,,venmo,EV005
TXN00280,11/03/2024,T004,E012,M001,1,9.49,9.49,7.91,Venmo,EV005
TXN00281,09/05/2024,T004,E007,M003,1,10.99,10.99,7.05,cash,EV005
TXN00282,28-11-2024,T002,E008,M003,5,13.49,67.45,,cash,EV012
TXN00283,23-04-2024,T002,E003,M014,5,7.99,39.95,0.69,CASH,EV004
TXN00284,01-11-2024,T003,E009,M014,3,12.99,38.97,5.16,Credit Card,EV010
TXN00285,12/23/2024,T003,E011,M007,5,13.49,67.45,5.98,credit card,EV002
TXN00286,05/06/2024,T001,E006,M008,4,13.49,53.96,,Cash,EV011
TXN00287,03/12/2024,T004,E001,M012,5,12.99,64.95,7.64,CASH,EV003
TXN00288,01/12/2024,T001,E007,M002,4,15.99,63.96,5.7,Venmo,EV013
TXN00289,16-02-2024,T002,E003,M009,1,6.99,6.99,,Credit Card,
TXN00289,06/20/2024,T001,E007,M010,4,14.99,59.96,,CASH,EV004
TXN00291,24-08-2024,T001,E012,M010,2,10.99,21.98,,cash,EV001
TXN00292,03/28/2024,T003,E012,M017,5,6.99,34.95,1.02,credit card,EV004
TXN00293,01/20/2024,T004,E008,M009,5,10.99,54.95,7.8,CASH,EV015
TXN00294,09/22/2024,T004,E011,M019,2,9.49,18.98,6.19,Zelle,EV004
TXN00295,30-04-2024,T001,E007,M002,1,14.99,14.99,,Credit card,EV005
TXN00296,05-04-2024,T001,E005,M018,4,14.99,59.96,3.33,Credit card,EV003
TXN00297,10/23/2024,T001,E008,M006,2,15.99,31.98,7.63,CASH,EV010
TXN00298,06/12/2024,T004,E004,M001,3,14.99,44.97,6.28,Zelle,EV015
TXN00299,07/11/2024,T004,E007,M025,2,15.99,31.98,1.96,Cash,EV001
TXN00300,05/03/2024,T001,E004,M011,1,11.49,11.49,5.82,CASH,
TXN00301,05/05/2024,T001,E009,M005,3,10.99,32.97,,Credit Card,EV014
TXN00302,07/13/2024,T001,E002,M019,1,15.99,15.99,,Venmo,EV002
TXN00303,14-08-2024,T002,E012,M008,3,6.99,20.97,7.41,Venmo,EV011
TXN00304,06/15/2024,T002,E002,M003,2,12.99,25.98,4.68,cash,EV006
TXN00305,08/22/2024,T004,E008,M004,5,9.49,47.45,1.66,credit card,EV009
TXN00306,03/06/2024,T003,E002,M023,5,8.99,44.95,6.85,cash,EV008
TXN00307,07/05/2024,T001,E008,M022,3,6.99,20.97,1.39,Venmo,
TXN00308,10/12/2024,T004,E003,M004,2,10.99,21.98,,Credit Card,EV007
TXN00309,07/28/2024,T001,E004,M019,5,6.99,34.95,0.6,CASH,EV015
TXN00310,03/10/2024,T003,E007,M004,1,7.99,7.99,,Zelle,EV013
TXN00311,09/15/2024,T004,E003,M006,3,14.99,44.97,2.2,venmo,EV002
TXN00312,14-11-2024,T002,E002,M021,3,7.99,23.97,4.41,Cash,EV009
TXN00313,07/19/2024,T002,E007,M021,5,14.99,74.95,6.42,Cash,EV012
TXN00314,09/06/2024,T004,E006,M012,5,15.99,79.95,2.16,Cash,EV008
TXN00315,20-01-2024,T003,E003,M002,4,15.99,63.96,4.67,Credit Card,EV004
TXN00316,10-05-2024,T003,E006,M018,1,14.99,14.99,7.86,Venmo,EV006
TXN00317,04/04/2024,T003,E010,M024,3,13.49,40.47,,Credit card,EV005
TXN00318,19-10-2024,T004,E010,M018,3,12.99,38.97,0.72,Credit Card,EV008
TXN00319,01/15/2024,T001,E006,M011,5,14.99,74.95,2.73,cash,EV002
TXN00320,01/16/2024,T002,E012,M025,1,15.99,15.99,7.68,Credit card,EV013
TXN00321,10/31/2024,T003,E011,M011,2,12.99,25.98,3.49,venmo,EV011
TXN00322,03-04-2024,T003,E003,M008,5,12.99,64.95,5.87,credit card,EV006
TXN00323,05-01-2024,T004,E004,M025,5,8.99,44.95,2.55,Zelle,EV004
TXN00324,09/15/2024,T001,E012,M008,3,9.49,28.47,7.08,CASH,EV011
TXN00325,08/20/2024,T002,E001,M008,1,9.49,9.49,0.86,Cash,EV013
TXN00326,16-08-2024,T002,E010,M014,4,11.49,45.96,3.0,venmo,EV008
TXN00327,03/28/2024,T001,E003,M010,1,9.49,9.49,0.84,Credit card,EV013
TXN00328,27-03-2024,T001,E011,M011,5,13.49,67.45,5.64,Venmo,EV006
TXN00329,10-11-2024,T002,E012,M002,1,9.49,9.49,1.52,VENMO,
TXN00330,19-05-2024,T003,E003,M008,1,8.99,8.99,4.4,venmo,EV002
TXN00331,07/07/2024,T001,E011,M010,5,7.99,39.95,0.21,cash,EV010
TXN00332,02/15/2024,T001,E011,M010,4,7.99,31.96,5.29,CASH,
TXN00333,07/21/2024,T004,E008,M012,2,7.99,15.98,,venmo,EV009
TXN00334,29-04-2024,T001,E010,M005,1,10.99,10.99,6.47,Venmo,EV008
TXN00335,10/14/2024,T004,E004,M017,4,15.99,63.96,7.49,Zelle,
TXN00336,06/06/2024,T001,E003,M017,5,15.99,79.95,5.42,Zelle,EV004
TXN00337,08/21/2024,T002,E011,M007,2,12.99,25.98,,CASH,EV014
TXN00338,17-04-2024,T002,E002,M020,3,9.49,28.47,7.31,CASH,EV013
TXN00339,10/15/2024,T003,E010,M009,5,7.99,39.95,0.1,Zelle,
TXN00340,08/06/2024,T002,E002,M005,5,13.49,67.45,7.72,CASH,EV004
TXN00341,30-05-2024,T003,E001,M014,3,11.49,34.47,4.58,venmo,EV006
TXN00342,05/25/2024,T004,E005,M002,4,9.49,37.96,0.39,venmo,EV012
TXN00343,01/15/2024,T003,E003,M010,3,7.99,23.97,5.48,Credit Card,EV010
TXN00344,18-08-2024,T003,E007,M009,4,13.49,53.96,1.5,Credit Card,
TXN00345,25-09-2024,T001,E009,M017,2,10.99,21.98,4.05,cash,EV001
TXN00346,04/02/2024,T002,E005,M002,2,8.99,17.98,7.34,Credit Card,EV012
TXN00347,08/29/2024,T001,E008,M022,1,14.99,14.99,4.75,cash,
TXN00348,07/02/2024,T003,E003,M024,1,6.99,6.99,,Cash,EV007
TXN00349,27-04-2024,T002,E008,M009,4,15.99,63.96,,Cash,EV005
TXN00350,12/01/2024,T001,E007,M008,3,13.49,40.47,2.44,credit card,EV013
TXN00351,07/01/2024,T005,E001,M015,3,15.99,47.97,3.18,CASH,
TXN00352,09-12-2024,T003,E002,M018,5,13.49,67.45,5.48,venmo,EV011
TXN00353,25-05-2024,T003,E001,M009,3,14.99,44.97,,Credit Card,EV013
TXN00354,12/08/2024,T002,E007,M024,1,7.99,7.99,2.08,Venmo,EV013
TXN00355,01/23/2024,T002,E009,M011,2,15.99,31.98,3.81,Credit card,EV010
TXN00356,01-04-2024,T002,E012,M010,1,7.99,7.99,,credit card,
TXN00357,07-04-2024,T003,E007,M021,1,14.99,14.99,5.95,credit card,EV011
TXN00358,07/13/2024,T003,E010,M015,1,7.99,7.99,,Zelle,EV003
TXN00359,02-09-2024,T001,E003,M022,4,15.99,63.96,0.43,cash,EV007
TXN00360,06/28/2024,T004,E006,M005,3,12.99,38.97,3.9,cash,EV002
TXN00361,01/07/2024,T002,E003,M025,2,13.49,26.98,3.92,CASH,EV014
TXN00362,11/24/2024,T004,E012,M016,4,8.99,35.96,,Credit Card,EV012
TXN00363,12-01-2024,T002,E003,M001,1,14.99,14.99,7.02,credit card,EV004
TXN00364,07/19/2024,T003,E010,M006,1,8.99,8.99,2.33,VENMO,
TXN00365,06/25/2024,T002,E001,M011,4,9.49,37.96,1.32,Venmo,EV008
TXN00366,28-04-2024,T002,E007,M007,1,13.49,13.49,0.99,Cash,EV009
TXN00367,04-10-2024,T001,E007,M022,1,8.99,8.99,,CASH,EV015
TXN00368,07/17/2024,T003,E007,M016,2,14.99,29.98,5.04,credit card,EV004
TXN00369,12/09/2024,T002,E002,M014,1,15.99,15.99,0.94,CASH,
TXN00370,15-04-2024,T003,E009,M017,2,9.49,18.98,2.36,Cash,
TXN00371,20-04-2024,T004,E002,M011,2,8.99,17.98,,CASH,
TXN00372,21-03-2024,T001,E005,M024,1,6.99,6.99,3.65,credit card,EV015
TXN00373,01/30/2024,T002,E002,M002,3,9.49,28.47,2.5,CASH,EV002
TXN00374,09-01-2024,T002,E006,M011,3,7.99,23.97,2.15,CASH,EV011
TXN00375,04/07/2024,T004,E011,M015,3,11.49,34.47,3.83,Venmo,EV006
TXN00376,03/02/2024,T001,E011,M006,1,11.49,11.49,3.86,Zelle,EV015
TXN00377,06-04-2024,T003,E008,M020,1,12.99,12.99,3.9,Venmo,EV002
TXN00378,02/06/2024,T003,E009,M001,5,13.49,67.45,1.79,Credit card,
TXN00379,22-12-2024,T001,E003,M014,2,7.99,15.98,5.41,Venmo,
TXN00380,11/13/2024,T002,E006,M017,4,7.99,31.96,0.6,venmo,EV008
TXN00381,22-06-2024,T001,E002,M017,2,15.99,31.98,3.23,Credit Card,EV015
TXN00382,19-08-2024,T004,E002,M003,4,7.99,31.96,7.85,Cash,EV013
TXN00383,08/03/2024,T001,E004,M003,5,13.49,67.45,7.12,VENMO,EV015
TXN00384,06/27/2024,T001,E012,M008,4,9.49,37.96,4.96,venmo,EV012
TXN00385,08/23/2024,T002,E009,M001,3,9.49,28.47,7.72,credit card,
TXN00386,14-07-2024,T001,E002,M006,4,12.99,51.96,5.94,Venmo,EV009
TXN00387,11/12/2024,T001,E002,M013,2,7.99,15.98,1.52,Credit card,EV014
TXN00388,28-01-2024,T001,E008,M025,4,7.99,31.96,7.65,cash,EV001
TXN00389,02-10-2024,T004,E003,M019,4,15.99,63.96,7.28,Zelle,EV005
TXN00390,02/27/2024,T003,E005,M017,4,11.49,45.96,7.33,Credit Card,EV013
TXN00391,28-06-2024,T004,E005,M005,2,11.49,22.98,7.09,VENMO,
TXN00392,13-06-2024,T002,E012,M007,2,13.49,26.98,5.49,cash,EV006
TXN00393,09/18/2024,T003,E011,M023,1,9.49,9.49,4.66,Venmo,
TXN00394,30-05-2024,T004,E001,M001,5,10.99,54.95,,cash,EV002
TXN00395,04/16/2024,T002,E004,M010,3,12.99,38.97,5.52,credit card,
TXN00396,01/21/2024,T004,E007,M004,5,15.99,79.95,5.94,VENMO,EV008
TXN00397,22-09-2024,T003,E009,M023,1,11.49,11.49,7.65,Credit card,EV002
TXN00398,11-01-2024,T002,E010,M020,4,14.99,59.96,5.64,Credit card,
TXN00399,11/08/2024,T002,E012,M010,4,12.99,51.96,0.6,cash,
TXN00400,03/06/2024,T004,E005,M009,5,6.99,34.95,,Zelle,EV001
TXN00401,06/22/2024,T002,E011,M002,2,9.49,18.98,6.19,Zelle,EV010
TXN00402,12-09-2024,T005,E009,M003,3,15.99,47.97,1.47,CASH,EV006
TXN00403,08/04/2024,T004,E006,M003,3,14.99,44.97,5.31,Credit card,EV010
TXN00404,25-04-2024,T004,E010,M018,1,10.99,10.99,3.57,Zelle,EV008
TXN00405,25-01-2024,T003,E009,M013,1,11.49,11.49,5.79,Cash,EV012
TXN00406,24-09-2024,T004,E002,M016,1,6.99,6.99,1.54,VENMO,EV004
TXN00407,30-03-2024,T001,E002,M021,1,14.99,14.99,6.19,Venmo,EV007
TXN00408,06-10-2024,T004,E001,M021,1,12.99,12.99,,Credit card,EV003
TXN00409,02/11/2024,T003,E007,M018,1,13.49,13.49,7.29,Venmo,EV015
TXN00410,11/22/2024,T003,E002,M001,4,10.99,43.96,5.13,Zelle,EV002
TXN00411,02/11/2024,T001,E007,M010,3,13.49,40.47,,venmo,EV013
TXN00412,12/08/2024,T002,E005,M018,2,12.99,25.98,6.37,VENMO,EV005
TXN00413,05-06-2024,T003,E001,M001,5,15.99,79.95,,Cash,EV013
TXN00414,10/06/2024,T001,E003,M010,2,9.49,18.98,7.25,VENMO,EV006
TXN00415,04/08/2024,T003,E009,M007,1,12.99,12.99,4.54,Cash,EV015
TXN00416,11/30/2024,T003,E008,M022,1,6.99,6.99,,Zelle,EV011
TXN00417,07/05/2024,T002,E006,M004,3,13.49,40.47,,Credit Card,
TXN00418,08/22/2024,T003,E007,M023,5,12.99,64.95,2.92,Credit card,EV006
TXN00419,01/07/2024,T002,E008,M023,4,6.99,27.96,1.07,Credit card,EV015
TXN00420,08/20/2024,T003,E003,M016,5,10.99,54.95,4.85,credit card,
TXN00421,04/14/2024,T001,E010,M024,1,8.99,8.99,5.05,Zelle,EV013
TXN00422,11/02/2024,T001,E006,M018,3,15.99,47.97,4.32,cash,EV013
TXN00423,28-04-2024,T003,E001,M005,4,15.99,63.96,3.17,VENMO,EV008
TXN00424,14-11-2024,T002,E012,M015,2,12.99,25.98,4.53,cash,
TXN00425,07/06/2024,T004,E009,M008,1,6.99,6.99,0.34,Credit Card,EV012
TXN00426,07/21/2024,T004,E011,M002,1,9.49,9.49,,VENMO,EV009
TXN00427,05/18/2024,T002,E009,M013,4,9.49,37.96,7.19,CASH,EV009
TXN00428,15-07-2024,T002,E010,M017,4,9.49,37.96,2.76,venmo,EV001
TXN00429,17-09-2024,T004,E003,M006,2,10.99,21.98,2.25,cash,EV006
TXN00430,08-07-2024,T001,E011,M022,2,11.49,22.98,5.76,venmo,
TXN00431,09/06/2024,T002,E003,M021,4,8.99,35.96,1.02,Zelle,EV005
TXN00432,11/22/2024,T002,E010,M002,2,6.99,13.98,4.13,Venmo,EV001
TXN00433,08-12-2024,T001,E004,M007,4,13.49,53.96,6.94,cash,EV014
TXN00434,11/07/2024,T002,E010,M020,5,6.99,34.95,5.48,venmo,EV003
TXN00435,05/01/2024,T002,E003,M004,1,14.99,14.99,7.27,Venmo,EV004
TXN00436,04/04/2024,T001,E010,M018,5,10.99,54.95,,cash,
TXN00437,05-01-2024,T004,E004,M017,4,9.49,37.96,5.58,Venmo,
TXN00438,07/18/2024,T001,E005,M014,2,6.99,13.98,1.86,CASH,
TXN00439,08/01/2024,T001,E011,M023,1,13.49,13.49,4.16,Venmo,EV007
TXN00440,22-12-2024,T004,E009,M012,1,12.99,12.99,4.68,credit card,EV014
TXN00441,10/20/2024,T003,E003,M022,4,14.99,59.96,6.27,venmo,EV012
TXN00442,10/17/2024,T003,E011,M010,5,9.49,47.45,3.19,cash,EV004
TXN00443,05/01/2024,T002,E010,M004,2,15.99,31.98,2.71,VENMO,EV002
TXN00444,03/27/2024,T001,E005,M003,2,7.99,15.98,3.48,CASH,EV008
TXN00445,07/12/2024,T001,E001,M024,4,11.49,45.96,4.17,Zelle,EV006
TXN00446,11/27/2024,T001,E009,M007,5,6.99,34.95,6.27,VENMO,EV008
TXN00447,11/14/2024,T001,E007,M012,2,8.99,17.98,0.69,credit card,EV012
TXN00448,12/12/2024,T002,E010,M017,1,10.99,10.99,4.4,VENMO,EV012
TXN00449,30-06-2024,T003,E005,M008,5,14.99,74.95,3.23,Cash,EV006
TXN00450,07/31/2024,T001,E009,M017,3,9.49,28.47,6.42,credit card,EV009
TXN00451,12/25/2024,T004,E011,M019,4,14.99,59.96,7.69,venmo,EV015
TXN00452,31-10-2024,T004,E011,M004,3,10.99,32.97,6.31,Credit Card,EV008
TXN00453,06/14/2024,T003,E002,M017,5,8.99,44.95,2.11,credit card,EV013
TXN00454,14-12-2024,T003,E005,M003,5,12.99,64.95,2.83,Zelle,EV006
TXN00455,19-12-2024,T002,E004,M016,2,14.99,29.98,6.98,Credit Card,EV007
TXN00456,11-05-2024,T003,E010,M005,1,10.99,10.99,5.41,venmo,EV001
TXN00457,08-10-2024,T004,E005,M012,5,9.49,47.45,7.88,Zelle,
TXN00458,07-04-2024,T003,E007,M013,2,13.49,26.98,,VENMO,
TXN00459,10/07/2024,T003,E006,M013,2,7.99,15.98,5.59,venmo,EV001
TXN00460,11-01-2024,T004,E009,M019,1,9.49,9.49,6.89,cash,EV009
TXN00461,05/05/2024,T003,E006,M012,2,7.99,15.98,3.35,Credit card,EV013
TXN00462,05/27/2024,T002,E007,M019,2,10.99,21.98,6.43,VENMO,EV013
TXN00463,04/14/2024,T002,E009,M016,1,12.99,12.99,1.08,VENMO,EV011
TXN00464,09/10/2024,T001,E008,M013,1,12.99,12.99,,credit card,EV004
TXN00465,22-08-2024,T003,E001,M012,3,15.99,47.97,6.48,Credit card,EV014
TXN00466,03/07/2024,T002,E006,M019,5,15.99,79.95,6.24,Credit card,
TXN00467,10-09-2024,T004,E003,M003,4,13.49,53.96,5.05,cash,EV011
TXN00468,07-08-2024,T004,E012,M003,1,12.99,12.99,2.51,credit card,EV009
TXN00469,09-11-2024,T003,E003,M015,3,13.49,40.47,3.6,cash,EV001
TXN00470,09-03-2024,T003,E008,M024,1,14.99,14.99,0.82,CASH,
TXN00471,02/01/2024,T004,E005,M017,1,10.99,10.99,1.24,Venmo,EV008
TXN00472,10-05-2024,T004,E011,M021,2,12.99,25.98,1.36,Cash,EV012
TXN00473,19-06-2024,T004,E003,M018,3,15.99,47.97,7.76,VENMO,EV015
TXN00474,23-11-2024,T004,E002,M017,5,6.99,34.95,3.85,Credit Card,EV015
TXN00475,06/10/2024,T003,E006,M005,3,8.99,26.97,,cash,EV010
TXN00476,09/01/2024,T004,E005,M025,4,6.99,27.96,,Venmo,EV008
TXN00477,01/08/2024,T002,E007,M014,5,11.49,57.45,1.31,Venmo,EV008
TXN00478,05/18/2024,T002,E007,M017,5,6.99,34.95,5.94,credit card,EV007
TXN00479,02/09/2024,T003,E004,M004,4,13.49,53.96,5.6,venmo,EV011
TXN00480,01/14/2024,T001,E004,M006,1,6.99,6.99,5.72,Cash,EV003
TXN00481,03/22/2024,T002,E008,M011,4,6.99,27.96,3.99,Credit card,EV002
TXN00482,06/22/2024,T002,E003,M002,3,11.49,34.47,,venmo,EV007
TXN00483,12-05-2024,T001,E004,M004,2,11.49,22.98,3.54,Cash,EV015
TXN00484,02/22/2024,T002,E012,M016,4,6.99,27.96,1.27,Cash,
TXN00485,09/27/2024,T004,E002,M021,3,14.99,44.97,0.42,Credit Card,EV008
TXN00486,11/24/2024,T001,E001,M006,3,13.49,40.47,,Credit Card,EV002
TXN00487,28-10-2024,T004,E008,M023,5,12.99,64.95,0.72,cash,EV003
TXN00488,21-12-2024,T001,E008,M002,3,12.99,38.97,6.33,cash,EV008
TXN00489,15-06-2024,T003,E005,M015,2,8.99,17.98,2.87,cash,EV002
TXN00490,09-09-2024,T003,E012,M018,4,14.99,59.96,4.35,Credit card,EV015
TXN00491,24-05-2024,T002,E006,M003,5,12.99,64.95,6.56,VENMO,EV015
TXN00492,05-01-2024,T004,E004,M024,2,8.99,17.98,2.91,Zelle,EV011
TXN00493,06-02-2024,T004,E006,M007,5,7.99,39.95,1.23,credit card,EV014
TXN00494,11/28/2024,T001,E004,M017,1,8.99,8.99,1.04,Cash,EV004
TXN00495,09/09/2024,T001,E001,M019,4,7.99,31.96,5.61,credit card,EV012
TXN00496,27-04-2024,T001,E011,M001,2,7.99,15.98,6.66,venmo,EV002
TXN00497,07/07/2024,T004,E005,M012,1,13.49,13.49,0.33,CASH,EV003
TXN00498,24-04-2024,T001,E010,M004,2,15.99,31.98,1.54,Credit Card,EV006
TXN00499,16-10-2024,T004,E002,M024,1,13.49,13.49,3.67,Venmo,EV006
TXN00500,04/06/2024,T003,E006,M022,2,15.99,31.98,3.54,Credit card,
